REGISTRY,SEX,AGE_GROUPS,TOTAL,P0_14,P15_29,P30_44,P45_64,P65
101200199,1,16,3118574,820065,1046633,678529,434505,138842
101200199,2,16,3023979,777264,999535,659300,427439,160441
101200399,1,16,2917509,866002,968241,547760,388914,146592
101200399,2,16,2860705,827013,934664,558677,392174,148177
140400299,1,16,8017100,2356160,2807285,2030955,734740,87960
140400299,2,16,7656890,2398855,3243780,1470855,455410,87990
169000099,1,16,177469,39949,45318,43658,37860,10684
169000099,2,16,175542,39169,39945,42533,37090,16805
171000199,1,16,2473737,1106690,733112,260073,251422,122440
171000199,2,16,2893308,1066911,766664,398489,421649,239595
180000299,1,16,5317928,2132003,1897614,928328,286861,73122
180000299,2,16,5896716,2261396,2397163,848804,286888,102465
171600270,1,16,2115825,704844,685239,496940,185641,43161
171600270,2,16,2250705,735649,838836,442536,184605,49079
203201199,1,17,2674761,811391,771857,483542,453245,154726
203201199,2,17,2681383,782434,746269,492999,456026,203655
203200599,1,17,2080157,577309,524200,412768,394501,171379
203200599,2,17,2163842,550436,515893,420056,421304,256153
203200699,1,17,3284460,826400,913820,678886,596274,269080
203200699,2,17,3567139,791391,933697,710002,699739,432310
203200799,1,18,4229188,1165098,1125668,792846,773329,372247
203200799,2,18,4431612,1126387,1110735,836670,859509,498311
203200899,1,18,336175,95660,87940,76835,64335,11405
203200899,2,18,322130,90860,83465,74530,59420,13855
207601199,1,18,1310785,332732,390635,302646,223808,60964
207601199,2,18,1508452,326515,427673,365095,285103,104066
207601299,1,18,3437580,758249,954437,839862,683517,201515
207601299,2,18,3758173,734581,963355,909754,836344,314139
207600599,1,18,595488,121958,169336,143067,125101,36026
207600599,2,18,636261,117372,168374,151908,145972,52635
207600299,1,17,3092595,707354,906294,750539,564080,164328
207600299,2,17,3408689,691057,952991,838502,692297,233842
207601799,1,18,327299,69609,83871,76186,72157,25476
207601799,2,18,339147,66362,83105,77298,77459,34923
207602099,1,18,295687,63892,77725,67161,64082,22827
207602099,2,18,312023,62133,76116,71402,72239,30133
215200399,1,17,889521,209091,226591,216095,191793,45951
215200399,2,17,812591,199853,202403,181746,168433,60156
215200299,1,17,958473,223376,230854,201765,216289,86189
215200299,2,17,962320,218067,231705,202571,210521,99456
215200599,1,17,1473535,327645,404380,316256,320375,104879
215200599,2,17,1551528,314335,395783,337047,353024,151339
215200199,1,17,946519,216807,240981,190592,214320,83819
215200199,2,17,950514,208712,230022,190682,215931,105167
217000199,1,18,5367576,1402395,1478213,1150023,1000699,336246
217000199,2,18,5855899,1358264,1489176,1284351,1238085,486023
217000299,1,17,2579750,672541,722802,546894,475528,161985
217000299,2,17,2797436,644601,733233,608778,575042,235782
217000399,1,17,923820,215156,265894,176456,196347,69967
217000399,2,17,1018409,206737,258075,206469,247347,99781
217000499,1,18,989051,263047,280765,212987,169493,62759
217000499,2,18,1069284,259679,280248,245120,203806,80431
218800099,1,18,9200173,2325001,2600663,1994474,1731393,548642
218800099,2,18,8939379,2208800,2471595,1912931,1715324,630729
221800299,1,16,1197485,370690,364980,215485,171185,75145
221800299,2,16,1330440,362470,380095,266195,217730,103950
221800399,1,18,5811627,1661504,1565618,1242539,1003720,338246
221800399,2,18,6043270,1727729,1628021,1292063,1043729,351728
221800499,1,18,296639,96726,83921,50618,45573,19801
221800499,2,18,316749,96053,88413,57884,50937,23462
221800599,1,18,3506471,1151993,914051,669965,548915,221547
221800599,2,18,3430960,1107558,903120,663680,531232,225370
221800199,1,18,3922430,1109426,1129894,823583,633617,225910
221800199,2,18,4183873,1078164,1174425,908263,731236,291785
225009199,1,18,909620,195265,169329,170700,246302,128024
225009199,2,18,1059219,191270,179948,224199,290429,173373
225009499,1,18,568662,204442,131808,117070,93628,21714
225009499,2,18,579912,196403,141992,124450,91145,25922
238800199,1,18,1274174,312302,377755,267283,231728,85106
238800199,2,18,1370023,303531,391411,296099,269831,109151
260400299,1,18,13609537,3594777,3760738,3048270,2375802,829950
260400299,2,18,14305220,3450867,3915478,3261636,2629425,1047814
263000099,1,18,9115376,1905101,2031371,1810865,2159157,1208882
263000099,2,18,9905139,1816159,2020311,1956952,2532085,1579632
285800099,1,18,8202023,1943972,1904126,1676013,1748349,929563
285800099,2,18,8774914,1862903,1870531,1730489,1914976,1396015
312400199,1,18,9486582,1761542,2175056,2155449,2500784,893751
312400199,2,18,9191784,1667577,2053253,2010733,2371919,1088302
312400299,1,18,11063719,1769143,2277695,2273179,3201436,1542266
312400299,2,18,11204013,1655746,2194887,2308315,3242399,1802666
312400399,1,18,3063784,603711,655011,608966,821852,374244
312400399,2,18,3125541,574102,637948,607514,823644,482333
312400599,1,18,1857320,293484,358979,368390,571859,264608
312400599,2,18,1904840,275386,337488,376108,583709,332149
312400899,1,18,1282329,197278,237833,257876,408465,180877
312400899,2,18,1319402,187877,231554,270471,414479,215021
312400499,1,18,111576,23610,28247,25508,28414,5797
312400499,2,18,105296,23006,26473,24862,25087,5868
312400699,1,18,2302981,359405,455996,449522,706113,331945
312400699,2,18,2402563,339711,440436,466544,734460,421412
312401399,1,18,86356,27119,23661,18038,14828,2710
312401399,2,18,80392,25805,22885,16742,12473,2487
312401099,1,18,32289166,5680206,6744972,6733541,9078478,4051969
312401099,2,18,33403455,5390570,6657467,6934057,9268816,5152545
312400799,1,18,346332,58986,68135,65318,104534,49359
312400799,2,18,363137,56841,67279,68222,108702,62093
312401299,1,18,2652016,513380,590886,506849,702190,338711
312401299,2,18,2665369,492048,562488,496006,689990,424837
312400999,1,18,88478,15138,18665,18297,28683,7695
312400999,2,18,84529,14254,17212,19403,26660,7000
384000099,1,18,760102704,156112956,165225076,152773012,198159700,87831960
384000099,2,18,785531780,149370124,158970184,153464948,208165936,115560588
384000010,1,18,607601722,118890724,127139264,120605676,164096948,76869110
384000010,2,18,620287956,113276916,120698852,117840476,168869156,99602556
384000030,1,18,100759334,25662842,25410612,19959738,22666903,7059239
384000030,2,18,110008229,24801171,25738193,22332413,26263435,10873017
384008099,1,18,721338543,147711460,156692924,145315476,188277468,83341215
384008099,2,18,746019590,141358040,150885976,146092788,197970632,109712154
384008010,1,18,575263541,112092600,120214040,114465740,155589872,72901289
384008010,2,18,587402028,106808972,114128992,111824308,160162540,94477216
384008030,1,18,98604151,25062550,24826007,19530229,22244808,6940557
384008030,2,18,107883989,24230275,25210021,21913037,25828353,10702303
384008029,1,18,37719153,7958800,9068973,9260584,8460133,2970663
384008029,2,18,41099783,7791993,9152637,10371627,9910399,3873127
384008042,1,18,9751682,2597511,2583901,2058919,1982645,528706
384008042,2,18,9633799,2526797,2394327,1983823,2069344,659508
384002499,1,18,212494475,44673801,47255991,43938412,54098541,22527730
384002499,2,18,217963069,42714683,44900926,43904235,56684411,29758814
384002410,1,18,161594577,32769882,34853388,32953563,42435486,18582258
384002410,2,18,163103117,31242482,32563547,31790533,43322215,24184340
384002460,1,18,117229047,20395875,22808691,22685487,34834897,16504097
384002460,2,18,120217298,19366716,21744446,22178432,35535608,21392096
384002450,1,18,44365530,12374007,12044697,10268076,7600589,2078161
384002450,2,18,42885819,11875766,10819101,9612101,7786607,2792244
384002430,1,18,26181406,6603843,6582861,5287602,5918519,1788581
384002430,2,18,28344083,6374978,6621976,5863449,6777205,2706475
384002429,1,18,21141356,4365606,4847868,4937207,5023819,1966856
384002429,2,18,22983503,4190666,4814701,5519146,5831285,2627705
384002099,1,18,71473282,14799497,15380983,14883303,18651509,7757990
384002099,2,18,73606404,14144873,14783456,14931826,19516826,10229423
384002010,1,18,53270213,10485659,11024783,10886660,14528672,6344439
384002010,2,18,53802602,9988167,10393928,10452021,14755743,8212743
384002030,1,18,8872578,2274427,2203127,1860968,1967585,566471
384002030,2,18,9770550,2188592,2264668,2145535,2308239,863516
384005199,1,18,11588129,2378523,2478775,2245756,3078530,1406545
384005199,2,18,12298489,2282969,2464913,2336922,3302091,1911594
384005110,1,18,8355414,1578171,1668963,1625584,2319095,1163601
384005110,2,18,8622728,1502414,1602680,1597900,2392405,1527329
384005130,1,18,2986944,744305,746095,559477,707892,229175
384005130,2,18,3420619,724920,803620,676439,849374,366266
384005099,1,18,1848501,398903,433807,364438,514802,136551
384005099,2,18,1707204,375551,381380,339301,467704,143268
384005042,1,18,304935,90129,80967,53155,62737,17947
384005042,2,18,298501,84360,76457,51862,64314,21508
384005299,1,18,15936810,3454862,3488672,3157690,3795509,2040077
384005299,2,18,16118086,3317497,3270837,3065462,4030911,2433379
384005210,1,18,13691600,2849711,2882783,2668173,3374488,1916445
384005210,2,18,13858327,2731393,2709839,2579546,3569547,2268002
384005230,1,18,822393,226222,220765,174541,158443,42422
384005230,2,18,760277,212135,193188,154234,148433,52287
384005242,1,18,886186,255978,248524,174269,159306,48109
384005242,2,18,907068,251918,237636,174582,178308,64624
384004099,1,18,7158947,1509754,1509442,1376867,1840882,922002
384004099,2,18,7422913,1443188,1472641,1379720,1935187,1192177
384004010,1,18,5862413,1160852,1181144,1128312,1555447,836658
384004010,2,18,6005129,1101970,1133977,1098402,1607411,1063369
384004030,1,18,1110319,301867,278486,205009,249034,75923
384004030,2,18,1222494,294637,289775,235715,285444,116923
384002599,1,18,92764862,19467485,21539073,19638298,22756332,9363674
384002599,2,18,93802864,18615090,20144296,19293362,23613654,12136462
384002510,1,18,71046313,14841863,16286677,14854710,17589401,7473662
384002510,2,18,70642878,14195597,15011840,14094634,17758138,9582669
384002530,1,18,6701884,1574297,1702117,1352784,1571825,500861
384002530,2,18,6874343,1509716,1634058,1369270,1663926,697373
384002542,1,18,1830026,463134,502278,401968,368086,94560
384002542,2,18,1790018,449360,464146,381725,377756,117031
384000399,1,18,24251915,5001238,5787640,5389247,5777537,2296253
384000399,2,18,24933567,4781115,5545586,5373865,6136849,3096152
384000310,1,18,18025177,3815871,4302243,4052485,4196102,1658476
384000310,2,18,17999976,3647950,4049347,3846720,4251065,2204894
384000360,1,18,7119005,945423,1362374,1499110,2206276,1105822
384000360,2,18,7091619,890917,1307753,1370048,2113232,1409669
384000350,1,18,10906172,2870448,2939869,2553375,1989826,552654
384000350,2,18,10908357,2757033,2741594,2476672,2137833,795225
384000330,1,18,2285903,503269,554263,450771,567183,210417
384000330,2,18,2565315,484299,577945,520412,666544,316115
384000320,1,18,985763,147730,227690,197672,286431,126240
384000320,2,18,1113633,144205,226995,241236,348206,152991
384000323,1,18,791777,150185,181496,174165,205281,80650
384000323,2,18,949259,139771,182325,213101,280906,133156
384000322,1,18,523266,80991,116490,125535,133340,66910
384000322,2,18,595217,74855,118456,144750,169520,87636
384000299,1,18,10722890,1949342,2198970,2477539,2903306,1193733
384000299,2,18,11018412,1869253,2135773,2443367,2993853,1576166
384000210,1,18,6905793,1205826,1364570,1600528,1924267,810602
384000210,2,18,6822891,1158891,1282919,1457353,1875556,1048172
384000260,1,18,4808443,679304,806931,1058965,1553557,709686
384000260,2,18,4825644,652295,787054,981534,1504319,900442
384000250,1,18,2097350,526522,557639,541563,370710,100916
384000250,2,18,1997247,506596,495865,475819,371237,147730
384000230,1,18,999364,215881,230180,200622,262641,90040
384000230,2,18,1080811,207965,238329,221805,283474,129238
384000220,1,18,1068815,173340,207290,218610,319345,150230
384000220,2,18,1206760,169595,209310,265900,372985,188970
384000223,1,18,611645,121735,135825,138700,156145,59240
384000223,2,18,715245,113420,136520,162570,205210,97525
384000221,1,18,112790,19770,19605,23135,33885,16395
384000221,2,18,149915,18355,22090,34360,43720,31390
384005399,1,18,12644630,2611921,2765215,2717490,3308766,1241238
384005399,2,18,12569651,2493217,2565473,2583966,3375006,1551989
384005310,1,18,11369305,2290039,2442534,2423166,3042371,1171195
384005310,2,18,11296233,2173368,2263727,2297900,3102639,1458599
384005330,1,18,645163,168441,162829,140921,138172,34800
384005330,2,18,585912,159830,141658,118152,121960,44312
384000499,1,18,8700122,1690323,1780519,1692745,2462907,1073628
384000499,2,18,9167187,1614857,1700148,1762510,2614210,1475462
384000410,1,18,7286510,1338042,1419355,1375058,2166881,987174
384000410,2,18,7640543,1271784,1340451,1407131,2272639,1348538
384000430,1,18,992539,255863,260238,202463,210337,63638
384000430,2,18,1086763,244322,259070,233652,250057,99662
384004199,1,18,2180644,431220,465770,415271,581625,286758
384004199,2,18,2320013,415629,461686,436215,638607,367876
384004110,1,18,1602835,284146,323618,296161,454153,244757
384004110,2,18,1680210,271502,315735,299294,484295,309384
384004130,1,18,483955,125721,119664,94184,108877,35509
384004130,2,18,540552,122860,122593,111446,133187,50466
384005599,1,18,46173080,8394228,9341192,8877472,12219714,7340474
384005599,2,18,48252666,8039822,8955855,8941689,13167300,9148000
384005510,1,18,36947527,6110715,6985125,6982844,10197875,6670968
384005510,2,18,38279044,5822716,6580387,6836976,10829938,8209027
384005530,1,18,7692784,1962500,1991179,1521500,1668841,548764
384005530,2,18,8273606,1896911,2012704,1679817,1901213,782961
384005699,1,18,23737872,5279439,5257471,5065918,5909213,2225831
384005699,2,18,24826892,5064976,5127488,5254766,6371186,3008476
384005610,1,18,15530755,3165186,3215728,3287296,4109632,1752913
384005610,2,18,15648486,3003520,3000939,3163990,4212875,2267162
384005630,1,18,7202625,1877214,1797709,1514088,1594320,419294
384005630,2,18,8137029,1831095,1893213,1806045,1930744,675932
384000599,1,18,8236666,1863155,1861025,1946216,1977665,588605
384000599,2,18,8704281,1789012,1842265,2050820,2194621,827563
384000510,1,18,4414283,889120,920935,1045001,1160154,399073
384000510,2,18,4363901,845730,834600,966648,1183711,533212
384000530,1,18,3182284,828388,786650,726972,684726,155548
384000530,2,18,3692380,802583,862556,899863,871549,255829
384005799,1,18,3927187,914954,844916,748723,963690,454904
384005799,2,18,3911828,870172,811242,724191,977350,528873
384005899,1,18,31455776,6544462,6882891,6483972,8126572,3417879
384005899,2,18,32663506,6280351,6649626,6505014,8536228,4692287
384005810,1,18,25067464,4977206,5295053,5150103,6717970,2927132
384005810,2,18,25580825,4747375,5036658,4990367,6844092,3962333
384005830,1,18,4610650,1184732,1157808,876783,1031632,359695
384005830,2,18,5211444,1153016,1192248,1031954,1266457,567769
384005999,1,18,15956644,3392761,3418976,3140909,4197715,1806283
384005999,2,18,16471030,3243149,3324613,3122813,4348105,2432350
384005910,1,18,14045442,2859357,2930576,2751312,3814965,1689232
384005910,2,18,14424703,2719623,2836451,2702467,3906883,2259279
384005930,1,18,1548919,450257,381156,300395,317002,100109
384005930,2,18,1669879,435221,391126,325867,366735,150930
384000699,1,18,7545702,1539889,1614123,1400678,2016997,974015
384000699,2,18,7693357,1467610,1530981,1361559,2029547,1303660
384001999,1,18,10672789,2169888,2219777,2155004,2876350,1251770
384001999,2,18,11028460,2069330,2145276,2137035,3011861,1664958
384002299,1,18,11079594,2362421,2497558,2141100,2879523,1198992
384002299,2,18,11570363,2265175,2473942,2170061,3046038,1615147
384002210,1,18,7256933,1373427,1522092,1428881,2006897,925636
384002210,2,18,7390515,1307867,1461590,1373910,2042539,1204609
384002230,1,18,3533978,926493,898882,645017,808253,255333
384002230,2,18,3888818,895613,941450,727740,935533,388482
384000799,1,18,1965483,378919,449871,393934,533459,209300
384000799,2,18,2086729,365756,462883,396326,566992,294772
384000710,1,18,1099213,167921,234767,234253,318235,144037
384000710,2,18,1104716,160551,223744,207682,316079,196660
384000730,1,18,777986,194804,192621,138517,193089,58955
384000730,2,18,895946,189298,217293,168040,230007,91308
384006199,1,18,3252119,569557,613069,600407,1001011,468075
384006199,2,18,3393301,540526,594234,618288,1042822,597431
384004299,1,18,13995464,2828984,3020490,2827165,3801252,1517573
384004299,2,18,14932022,2721090,2956012,3023399,4170851,2060670
384004210,1,18,8893340,1632116,1820790,1734282,2571438,1134714
384004210,2,18,9151227,1557700,1711376,1730808,2656333,1495010
384004230,1,18,4161999,994958,989587,856871,1013022,307561
384004230,2,18,4761809,963877,1034405,1027156,1261035,475336
384006099,1,18,15874284,2953960,3459715,3173489,4383590,1903530
384006099,2,18,16928702,2830046,3455089,3313624,4677622,2652321
384006010,1,18,13559651,2409884,2835198,2643828,3909778,1760963
384006010,2,18,14439285,2299065,2806026,2729376,4150881,2453937
384006030,1,18,1305240,330272,353538,268636,274481,78313
384006030,2,18,1402764,316826,355369,301277,308107,121185
384006299,1,18,24280096,4873532,5092846,4612237,6738239,2963242
384006299,2,18,25206215,4655473,4942971,4684825,7023756,3899190
384006210,1,18,19879972,3752807,3991342,3727424,5770005,2638394
384006210,2,18,20403375,3571006,3834448,3687752,5888314,3421855
384006230,1,18,3533099,909528,884354,675324,792816,271077
384006230,2,18,3894001,874936,893085,770375,943067,412538
384000899,1,18,9354021,1943213,1879301,1864619,2600799,1066089
384000899,2,18,10002307,1859826,1867038,1974806,2796941,1503696
384000810,1,18,6601495,1251955,1237845,1311950,1959924,839821
384000810,2,18,6838588,1190677,1188063,1294752,2006369,1158727
384000830,1,18,2319711,581412,555221,439955,546639,196484
384000830,2,18,2714100,562776,591691,558063,691210,310360
384004399,1,18,13189473,2711413,2794486,2605782,3571045,1506747
384004399,2,18,13375923,2593881,2695952,2548678,3595674,1941738
384004499,1,18,7204198,1593725,1591928,1377631,1832986,807928
384004499,2,18,7633902,1526122,1582231,1441841,1970784,1112924
384006399,1,18,14649932,2997702,3130231,2797506,3909814,1814679
384006399,2,18,15262136,2863416,3067731,2820830,4108869,2401290
384006310,1,18,12526778,2443322,2578246,2377415,3455922,1671873
384006310,2,18,12934669,2321924,2510569,2348733,3572223,2181220
384006330,1,18,1745888,468479,449766,326840,380641,120162
384006330,2,18,1923332,452655,455958,373555,449148,192016
384006499,1,18,2487070,471408,516551,439371,715628,344112
384006499,2,18,2466870,447195,479242,424065,719363,397005
384004799,1,18,4535090,979959,989507,861330,1169160,535134
384004799,2,18,4601426,935783,943079,835701,1183075,703788
384004710,1,18,4133103,857908,880877,777760,1099525,517033
384004710,2,18,4201004,817919,840162,754629,1109231,679063
384004730,1,18,244683,76256,64559,46891,44964,12013
384004730,2,18,236989,72930,59865,43613,44224,16357
384004999,1,18,6828776,1413033,1432784,1475153,1730808,776998
384004999,2,18,6692236,1348716,1357043,1393961,1723482,869034
384004910,1,18,5498899,1099417,1114914,1177666,1434469,672433
384004910,2,18,5275143,1047513,1042833,1075835,1377213,731749
384004930,1,18,646974,166300,159546,139197,136006,45925
384004930,2,18,636865,158693,152678,132817,136925,55752
384004899,1,18,3251157,590198,642624,622223,995102,401010
384004899,2,18,3336219,563528,619306,634176,1016572,502637
384001599,1,18,21421124,4317076,4340409,4425599,5843995,2494045
384001599,2,18,22552663,4128782,4128165,4559660,6249212,3486844
384001510,1,18,16213913,3104882,3143335,3214666,4642088,2108942
384001510,2,18,16882605,2952002,2925321,3217887,4854451,2932944
384001530,1,18,3147789,761121,767040,660061,724082,235485
384001530,2,18,3524128,734951,773828,759483,877323,378543
384000999,1,18,5078051,1086821,1111144,941372,1318436,620278
384000999,2,18,5195854,1048789,1053863,939786,1398375,755041
384000910,1,18,4297962,878538,902469,786616,1159505,570834
384000910,2,18,4392566,844113,854405,782537,1223842,687669
384000950,1,18,2206372,580519,536021,429901,474933,184998
384000950,2,18,2243130,562172,518004,434018,497719,231217
384000960,1,18,2091590,298019,366448,356715,684572,385836
384000960,2,18,2149436,281941,336401,348519,726123,456452
384001699,1,18,46958917,9022080,10459696,9581090,12415974,5480077
384001699,2,18,50031704,8631131,10306538,9939556,13428918,7725561
384001610,1,18,34460112,6272357,7305137,6917322,9474523,4490773
384001610,2,18,35977700,5971743,7056050,6834001,9919614,6196292
384001630,1,18,8191108,1918517,2091868,1633769,1898717,648237
384001630,2,18,9460764,1859511,2157223,1959172,2378015,1106843
384004599,1,18,23254331,4840251,4933597,4809059,6014984,2656440
384004599,2,18,24466908,4630182,4805313,4946960,6494036,3590417
384004510,1,18,17221295,3340984,3465881,3564128,4628047,2222255
384004510,2,18,17730694,3172299,3290040,3504163,4851758,2912434
384004530,1,18,5059409,1253129,1223183,1000438,1200049,382610
384004530,2,18,5716266,1213619,1276497,1184114,1431126,610910
384004699,1,18,1710132,319886,418823,305910,452532,212981
384004699,2,18,1671136,304912,370521,282180,437298,276225
384006599,1,18,28159852,5707190,5835857,5400023,7755660,3461122
384006599,2,18,29507957,5462898,5722830,5469811,8139945,4712473
384006510,1,18,23923104,4590408,4797009,4572244,6821281,3142162
384006510,2,18,24890491,4370503,4659873,4562790,7061954,4235371
384006530,1,18,3609409,976391,880711,665826,807159,279322
384006530,2,18,3947915,945709,903769,738279,932071,428087
384006699,1,18,9278520,1981068,2051205,1778739,2355184,1112324
384006699,2,18,9466493,1887960,1950752,1738366,2453047,1436368
384006610,1,18,7339629,1429823,1545486,1404949,1967261,992110
384006610,2,18,7482806,1357376,1465280,1360207,2027187,1272756
384006630,1,18,795262,223170,210427,149823,164028,47814
384006630,2,18,802805,213054,199489,148045,173546,68671
384006799,1,18,9495682,1827624,1968338,1931683,2561907,1206130
384006799,2,18,9687460,1744882,1902587,1876562,2667464,1495965
384006710,1,18,8616032,1607263,1742736,1729984,2382184,1153865
384006710,2,18,8787503,1529951,1685489,1667975,2474350,1429738
384006730,1,18,252754,70912,65838,53493,49996,12515
384006730,2,18,220969,66996,56248,42965,40233,14527
384006899,1,18,30950211,5799151,6487204,5846840,8677168,4139848
384006899,2,18,32547724,5546054,6309848,5904304,9066632,5720886
384006810,1,18,26297880,4643460,5270954,4897338,7672309,3813819
384006810,2,18,27510292,4418499,5092085,4876098,7910079,5213531
384006830,1,18,3608480,927486,939613,691122,790726,259533
384006830,2,18,3928560,893390,937039,752456,918332,427343
384006999,1,18,2543238,464526,573416,486293,703533,315470
384006999,2,18,2719118,441764,566863,506577,754149,449765
384006910,1,18,2223725,383330,479635,419598,642029,299133
384006910,2,18,2385474,362747,471474,436483,688134,426636
384006930,1,18,209510,56689,59552,42004,40940,10325
384006930,2,18,213095,53874,57452,43663,42545,15561
384007099,1,18,11263233,2276139,2442967,2194456,2962146,1387525
384007099,2,18,11888541,2193262,2382216,2259494,3237352,1816217
384007010,1,18,7897277,1450376,1607781,1553809,2164126,1121185
384007010,2,18,8109216,1386536,1521413,1517159,2277770,1406338
384007030,1,18,3127765,771839,773421,581137,749077,252291
384007030,2,18,3527798,751509,803831,679600,901225,391633
384007899,1,18,2042536,432463,443291,368799,541346,256637
384007899,2,18,2036825,410378,413596,351348,531393,330110
384007999,1,18,15484420,3161640,3224406,3127051,4120548,1850775
384007999,2,18,16281713,3027156,3196700,3188703,4411136,2458018
384007910,1,18,12552180,2404716,2484969,2529619,3465571,1667305
384007910,2,18,13023239,2286345,2426777,2508626,3632902,2168589
384007930,1,18,2600887,678557,658164,510724,588276,165166
384007930,2,18,2908964,661290,690306,589413,700880,267075
384007199,1,18,62549459,14626880,14266241,13101558,14798037,5756743
384007199,2,18,63495005,14012343,13593705,13116768,15357829,7414360
384007110,1,18,51520520,11849886,11547931,10641175,12377655,5103873
384007110,2,18,51836959,11332051,10894030,10447416,12673106,6490356
384007130,1,18,7655846,1978387,1909811,1605426,1706085,456137
384007130,2,18,8185274,1907336,1918162,1765129,1908510,686137
384001299,1,18,6948777,1892377,1715193,1410883,1358474,571850
384001299,2,18,6881752,1794694,1665611,1352494,1380728,688225
384007299,1,18,1541128,266391,320903,278373,471080,204381
384007299,2,18,1586359,251845,306307,285641,486256,256310
384007799,1,18,19671371,3906922,4314768,4069222,5244533,2135926
384007799,2,18,20403418,3749144,4140654,4140899,5563550,2809171
384007710,1,18,14447655,2695127,3041289,2943289,4016027,1751923
384007710,2,18,14706148,2568324,2857897,2894797,4138292,2246838
384007730,1,18,3928519,918916,973176,782404,954447,299576
384007730,2,18,4286869,892851,982392,862613,1094257,454756
384007399,1,18,16800349,3336627,3635853,3466589,4486560,1874720
384007399,2,18,16893223,3182368,3423286,3372356,4600737,2314476
384001399,1,18,11472193,2184688,2473195,2475665,3103559,1235086
384001399,2,18,11548466,2086624,2324898,2396288,3190958,1549698
384007499,1,18,4560154,815449,884970,880239,1325452,654044
384007499,2,18,4692271,777817,846706,864401,1359873,843474
384007599,1,18,14113364,2807375,2955325,2729647,3914521,1706496
384007599,2,18,14322728,2685559,2831601,2661637,3928668,2215263
384007510,1,18,12627803,2362699,2541527,2429749,3653107,1640721
384007510,2,18,12786791,2248583,2425615,2351921,3640434,2120238
384007530,1,18,968283,300137,258429,187453,178153,44111
384007530,2,18,1002671,290277,254776,195848,196413,65357
384007699,1,18,1435404,288567,314821,269522,397900,164594
384007699,2,18,1378625,272841,285248,248126,383658,188752
404800046,1,16,1442161,462236,415345,274106,233298,57176
404800046,2,16,1406284,441307,394290,279806,229253,61628
409600099,1,18,461133,141402,136112,89841,74557,19221
409600099,2,18,461171,131546,131577,95991,81337,20720
415601299,1,18,3641762,377470,694407,965844,1196555,407486
415601299,2,18,3687069,354128,671790,976332,1208936,475883
415600199,1,18,19578616,1726605,4473218,4388068,6194916,2795809
415600199,2,18,19252075,1620900,4243022,4195731,6100826,3091596
415603199,1,18,1897666,296520,398677,633283,406569,162617
415603199,2,18,1919407,287682,398209,627970,437908,167638
415600699,1,18,1609843,433784,440741,391064,269895,74359
415600699,2,18,1570671,397112,426119,374181,277071,96188
415602499,1,18,12313476,1798424,3184958,3033897,3140972,1155225
415602499,2,18,11995853,1534262,2967853,3058203,3083397,1352138
415605199,1,18,2720653,504290,713896,640635,646874,214958
415605199,2,18,2476008,443200,649516,588983,591613,202696
415602599,1,18,2498444,336689,419431,520258,803455,418611
415602599,2,18,2567642,280026,420976,602294,831389,432957
415602199,1,18,17182984,2149103,3723341,4127675,5259775,1923090
415602199,2,18,16960013,2031899,3648608,4181466,5012624,2085416
415601599,1,18,2511867,258845,645709,677150,691773,238390
415601599,2,18,2546683,241095,630058,667408,720937,287185
415605399,1,18,3395039,479374,1061338,876400,688242,289685
415605399,2,18,3165787,411005,927608,863220,670404,293550
415605499,1,18,1514258,335325,339695,340375,367819,131044
415605499,2,18,1405278,261206,334849,334570,345419,129234
415603099,1,18,16499600,2193100,3352700,3595500,5209300,2149000
415603099,2,18,18681400,2047800,3720800,4928200,5512100,2472500
415605799,1,18,1879972,364304,422296,412301,488075,192996
415605799,2,18,1751786,306344,402789,372528,448658,221467
415606099,1,18,948685,151094,217292,254175,248301,77823
415606099,2,18,951879,133408,208056,268396,246476,95543
415603299,1,18,1226246,213480,263438,310172,324562,114594
415603299,2,18,1190033,177237,253725,315476,322464,121131
415600799,1,18,949767,107722,165298,214925,332304,129518
415600799,2,18,968211,103692,170695,232170,316947,144707
415602399,1,18,1274544,151991,249419,297906,415063,160165
415602399,2,18,1285627,142567,255322,314786,397317,175635
415606899,1,18,2367274,462474,515739,570742,599465,218854
415606899,2,18,2272694,391862,476797,562343,595750,245942
415600899,1,18,2701949,616642,712104,588796,624148,160259
415600899,2,18,2563819,496866,670310,543898,655100,197645
415607199,1,18,2135339,324103,513826,603161,525601,168648
415607199,2,18,2023083,297535,464165,576674,505330,179379
415607599,1,18,1617341,247205,354160,494827,379548,141601
415607599,2,18,1557847,230006,331530,481766,373599,140946
415600299,1,18,2752368,285035,452931,646384,990045,377973
415600299,2,18,2843306,276657,457245,633761,1008016,467627
415600399,1,18,15392988,1182298,3163488,2615760,6044915,2386527
415600399,2,18,15550511,1121435,3066959,2603704,5910156,2848257
415608399,1,18,8903920,870058,1887678,2215997,2921511,1008676
415608399,2,18,9176457,824789,1837579,2289940,2988273,1235876
415601699,1,18,1038071,204105,294459,226759,247393,65355
415601699,2,18,968234,160872,272671,224331,245580,64780
415608499,1,18,2482419,371728,478372,648913,697029,286377
415608499,2,18,2363444,330328,459961,601267,667817,304071
415608899,1,18,1138306,183154,243710,352648,271258,87536
415608899,2,18,1091921,170122,239348,336640,258565,87246
415600999,1,18,12305772,1173020,3610855,2706066,3602859,1212972
415600999,2,18,11730995,1056198,3139748,2573774,3559483,1401792
415609299,1,18,3551383,376276,720015,850517,1139015,465560
415609299,2,18,3615554,350716,723745,891840,1133558,515695
415609399,1,18,774833,155202,139132,197698,208564,74237
415609399,2,18,718487,131352,131016,188156,194281,73682
415609699,1,18,1334813,264876,319754,346815,292685,110683
415609699,2,18,1259390,234714,288736,334069,267280,134591
415609999,1,18,929848,227568,218060,212070,204917,67233
415609999,2,18,907390,193225,209556,209326,208275,87008
415601899,1,18,1570406,258376,447159,407244,345975,111652
415601899,2,18,1451646,238206,402169,360417,317929,132925
415610299,1,18,1086775,232740,283525,319989,197317,53204
415610299,2,18,1025699,199601,289354,298664,183716,54364
415601499,1,18,2232678,377692,576025,559007,548647,171307
415601499,2,18,2258093,324061,558037,600661,559219,216115
415610599,1,18,1591536,257874,414581,454831,360229,104021
415610599,2,18,1528931,218173,380066,490127,332959,107606
435600199,1,16,3259619,1059568,890945,664187,491680,153239
435600199,2,16,3018447,928694,813234,617908,474210,184401
435600299,1,16,20565882,4672062,6436988,5312091,3221452,923289
435600299,2,16,18956371,4425695,6116522,4536848,2964019,913287
435600799,1,16,1285547,375635,360854,239590,194173,115295
435600799,2,16,1165035,325038,298282,232575,195576,113564
435601499,1,16,4912647,1355909,1522243,1075625,738937,219933
435601499,2,16,4516025,1242200,1402838,997611,655516,217860
435602599,1,16,4381007,1419184,1212156,896890,659919,192858
435602599,2,16,4199172,1358851,1206369,859417,590939,183596
435600499,1,16,11639788,2567853,3150880,2928179,2308565,684311
435600499,2,16,11490482,2448378,3248084,2851595,2190977,751448
435601199,1,16,5365734,1312352,1417060,1264128,1019895,352299
435601199,2,16,5351227,1196306,1460960,1251525,1051818,390618
435601599,1,16,2427538,542882,685444,625481,465769,107962
435601599,2,16,2271580,511679,686585,597221,381295,94800
435602199,1,16,6235725,1491198,1434278,1348548,1462018,499683
435602199,2,16,6924209,1440675,1576279,1651637,1601830,653788
435601999,1,16,2742688,897594,806211,547843,382795,108245
435601999,2,16,2669110,868038,797618,528629,365949,108876
435600399,1,16,36668618,8171503,12187854,8695358,5939007,1674896
435600399,2,16,30257510,7280043,8819184,7160708,5188851,1808724
435600699,1,16,11826611,3052649,3978910,2557875,1723129,514048
435600699,2,16,10516111,2685128,3250613,2344364,1632040,603966
435601899,1,16,1603408,426377,514132,356485,232240,74174
435601899,2,16,1425336,412526,470150,296755,186040,59865
435602299,1,16,5648296,1557426,1630533,1256734,924458,279145
435602299,2,16,5425117,1491048,1615603,1175156,840734,302576
435600899,1,16,2884470,675731,676329,660789,653313,218308
435600899,2,16,3059160,630012,708749,765633,672365,282401
435602099,1,16,2008179,469969,553254,450590,370728,163638
435602099,2,16,1900754,433056,518728,431062,346659,171249
436400399,1,18,3469718,879169,1225237,748482,464223,152607
436400399,2,18,3417053,846731,1212313,737714,475980,144315
437600099,1,18,18845382,5484945,4441095,3726275,3551402,1641665
437600099,2,18,19248660,5216898,4303820,3763299,3816187,2148456
437600090,1,18,14176376,3828223,3214745,2771883,2903300,1458225
437600090,2,18,14554193,3640755,3122515,2786584,3099089,1905250
437600094,1,18,3927293,1496026,1033492,760962,497112,139701
437600094,2,18,3833641,1422427,996913,745309,506140,162852
437600095,1,18,741713,160696,192858,193430,150990,43739
437600095,2,18,860826,153716,184392,231406,210958,80354
439201099,1,18,18506515,2732703,3254677,4403648,4777330,3338157
439201099,2,18,18525821,2599715,2984912,4068527,4694235,4178432
439200999,1,18,1946426,287998,296683,389799,548865,423081
439200999,2,18,2082018,273744,283355,380190,552560,592169
439200199,1,18,6899058,993315,1113381,1471834,1886696,1433832
439200199,2,18,7399858,945495,1064560,1458571,1932137,1999095
439200299,1,18,3425363,480180,616383,717581,958134,653085
439200299,2,18,3629599,456849,597335,708346,969397,897672
439200399,1,18,3325383,495689,491691,608230,992040,737733
439200399,2,18,3802760,473675,506258,650307,1050994,1121526
439200899,1,18,5735843,773844,860976,1138182,1669152,1293689
439200899,2,18,6127824,736137,819982,1095314,1648047,1828344
439200499,1,18,21427842,2980022,3512682,4827985,5596027,4260533
439200499,2,18,22898405,2845982,3508381,4950714,5844577,5553207
439201199,1,18,4979752,693470,791661,1092982,1449349,952290
439201199,2,18,5050925,657365,734555,1001158,1392570,1265277
439200699,1,18,2800407,383816,408867,516442,830778,660504
439200699,2,18,3039738,366007,396321,503273,823130,951007
440000099,1,16,15762099,5849847,4842148,2997801,1559892,512411
440000099,2,16,14817891,5547789,4480543,2783483,1507042,499034
441000099,1,18,124879958,21232556,27222395,32432875,33133943,10858189
441000099,2,18,124518103,19537073,24885207,31259558,32926971,15909294
441000299,1,18,8784009,1274219,1982901,2090355,2629655,806879
441000299,2,18,8897769,1155823,1784826,2072655,2750928,1133537
441000499,1,18,6213949,1063087,1440417,1538557,1678118,493770
441000499,2,18,6230118,944489,1230937,1577509,1743588,733595
441000599,1,18,3731399,691742,864115,971002,944404,260136
441000599,2,18,3722975,636607,790592,975171,945520,375085
441001099,1,18,3566866,708496,831610,921578,849683,255499
441001099,2,18,3624838,653600,783154,926659,881393,380032
441001199,1,18,6866299,1182006,1547636,1826248,1843747,466662
441001199,2,18,6776567,1098628,1439490,1773615,1773551,691283
441000999,1,18,1414480,275841,290105,359625,361397,127512
441000999,2,18,1414581,251397,265123,336929,348487,212645
441000399,1,18,25138031,3790513,5734158,6886515,6674212,2052633
441000399,2,18,25617853,3521210,5595484,6732899,7049762,2718498
441000899,1,18,2876679,533335,664571,752474,776242,150057
441000899,2,18,2717125,473418,559717,740225,719179,224586
441400099,1,18,11016256,1925357,2906208,4162342,1852610,169739
441400099,2,18,7072205,1837590,2081942,2095365,906408,150900
441400025,1,18,2778493,1107726,794427,492792,298831,84717
441400025,2,18,2887809,1067879,786392,549649,383445,100444
441400026,1,18,8237763,817631,2111781,3669550,1553779,85022
441400026,2,18,4184396,769711,1295550,1545716,522963,50456
445800299,1,16,2182600,556400,564500,485900,444700,131100
445800299,2,16,2190600,538000,567700,488100,444300,152500
445800220,1,16,1002500,204500,230300,234600,249400,83700
445800220,2,16,993600,198800,229500,231500,239500,94300
445800227,1,16,942900,287200,274300,199200,145700,36500
445800227,2,16,951200,275800,278100,201100,151500,44700
445800240,1,16,228800,62100,58300,50400,48200,9800
445800240,2,16,236800,60600,58600,53300,51900,12400
460800299,1,16,16092130,4772605,4593080,3565675,2715020,445750
460800299,2,16,16715295,4484205,5392090,3465785,2631825,741390
460800399,1,16,18417305,5714135,5222255,4160075,2811970,508870
460800399,2,16,18930990,5340310,5570060,4247495,3025935,747190
463400068,1,17,624287,268548,165058,102443,67478,20760
463400068,2,17,624537,248328,164324,112678,78508,20699
468200158,1,16,11063028,3423651,3190556,2400894,1651830,396097
468200158,2,16,10293283,3289936,2888268,2262034,1493241,359804
476400399,1,18,10872908,1610980,2997489,3287923,2354862,621654
476400399,2,18,11725346,1511846,3236836,3479098,2634239,863327
476400199,1,18,3750662,671397,887894,829278,1032664,329429
476400199,2,18,3962610,634022,880810,892184,1167759,387835
476400899,1,18,2486906,551646,595747,684757,505920,148836
476400899,2,18,2615818,522449,575811,735905,586689,194964
476400299,1,18,4181711,875663,905821,966114,1078153,355960
476400299,2,18,4432582,828832,937725,1041535,1174002,450488
476400599,1,18,1821905,306941,318358,385215,595646,215745
476400599,2,18,1869247,296704,293967,411532,617089,249955
476400799,1,18,1519253,314781,372239,345002,358405,128826
476400799,2,18,1516299,291460,302848,366223,395939,159829
476400499,1,18,3533371,798928,896449,840817,730209,266968
476400499,2,18,3732943,758879,919095,901368,812450,341151
479200299,1,18,5010449,1208826,1183287,1304230,1017211,296895
479200299,2,18,4882907,1141303,1172806,1241324,983853,343621
479200499,1,18,6496534,1524992,1583131,1602769,1365237,420405
479200499,2,18,6507866,1435074,1601964,1560839,1367010,542979
479200799,1,18,1008471,171500,255524,219187,266425,95835
479200799,2,18,971088,161487,212405,212108,259638,125450
479200599,1,18,1169001,354363,333133,228651,177708,75146
479200599,2,18,1159126,337964,323979,220555,186215,90413
479200699,1,18,1904391,370158,497187,437584,440798,158664
479200699,2,18,1928356,351312,473890,447262,452427,203465
479200199,1,18,9795175,2008598,2455681,2372802,2232663,725431
479200199,2,18,9788650,1895072,2314032,2368968,2258922,951656
479200399,1,18,3081161,755512,753284,660428,670748,241189
479200399,2,18,3158736,721326,763780,675098,685713,312819
479200899,1,18,1874981,430034,487530,407374,397714,152329
479200899,2,18,1918093,412681,471506,397044,410700,226162
470400299,1,16,14452208,2990823,4776320,3768593,2376363,540109
470400299,2,16,15691079,2754433,5342563,3876536,2812191,905356
504000099,1,18,20379802,3182256,3980154,4560573,5593296,3063523
504000099,2,18,21459136,3028633,3870785,4543434,5707621,4308663
504000299,1,18,1356200,203955,252578,290365,389289,220013
504000299,2,18,1440086,195273,241440,291161,399559,312653
504000799,1,18,1731259,280264,352247,393872,460114,244762
504000799,2,18,1807091,266372,346111,393453,473484,327671
504000899,1,18,908396,159519,183956,204876,239325,120720
504000899,2,18,936278,152924,178260,203788,239759,161547
511200099,1,18,22069182,3645299,5426101,4921372,5947798,2128612
511200099,2,18,25393818,3445228,5185122,5132380,7097564,4533524
505600099,1,18,26589216,4690958,5046200,5670776,7249145,3932137
505600099,2,18,27657849,4486462,4968753,5547199,7263632,5391803
510000099,1,18,18139108,2589425,3661720,4153565,4993359,2741039
510000099,2,18,19257923,2448808,3459584,3976201,5378318,3995012
519100099,1,18,10529080,1700247,2115638,2243187,2954159,1489784
519100099,2,18,11300467,1615119,2028945,2208938,3092292,2323658
519600099,1,18,2038322,363035,510904,421288,499631,243464
519600099,2,18,2145388,343876,504817,485630,521116,289949
520300099,1,18,25738545,3878647,5227625,6334899,7024276,3273098
520300099,2,18,26705844,3677673,4933075,5992109,7241741,4861246
520800099,1,18,13735532,2552118,2527763,2875414,3729233,2051004
520800099,2,18,13970691,2430307,2440571,2832677,3706568,2560568
523300099,1,18,3099067,521353,698542,691529,800046,387597
523300099,2,18,3554148,492273,659502,677846,944364,780163
525000199,1,18,2154153,401468,441380,463175,572936,275194
525000199,2,18,2264988,382774,452333,459500,578933,391448
525000299,1,18,1650002,325324,328899,322802,439430,233547
525000299,2,18,1783686,309105,330936,326486,467368,349791
525000399,1,18,1302688,255080,272371,264680,329849,180708
525000399,2,18,1345048,238052,261305,257262,340911,247518
525001099,1,18,3491664,644490,710207,728332,916694,491941
525001099,2,18,3791127,612298,720041,748017,994121,716650
525000499,1,18,1847978,352434,342877,390162,507728,254777
525000499,2,18,1914167,337418,326391,385893,509984,354481
525000899,1,18,2494458,457400,507484,483929,636009,409636
525000899,2,18,2740050,433712,527086,511139,715110,553003
525000599,1,18,3003595,615053,614670,630064,749507,394301
525000599,2,18,3096744,577262,587617,625015,776173,530677
525001899,1,18,1913050,400497,475556,431389,427267,178341
525001899,2,18,2086659,384602,493416,447012,469696,291933
525000999,1,18,725535,120324,132509,137749,203105,131848
525000999,2,18,788701,115255,132827,140100,213874,186645
525001499,1,18,3143164,647487,634749,658721,802054,400153
525001499,2,18,3330277,615899,615330,655779,843244,600025
525001699,1,18,973638,181977,165358,183707,275354,167242
525001699,2,18,1024829,175046,152786,183248,272785,240964
525000699,1,18,1389453,271454,284160,277661,365255,190923
525000699,2,18,1472913,257871,281493,279170,379134,275245
525000799,1,18,918930,164690,148101,174046,255662,176431
525000799,2,18,983591,156275,139882,178142,268849,240443
525001199,1,18,358629,68632,77918,73191,91837,47051
525001199,2,18,358726,63717,64098,69537,93754,67620
525001799,1,18,1563647,299220,259549,305673,428402,270803
525001799,2,18,1625022,287830,239752,300782,436024,360634
527600399,1,18,30666254,4493868,5630387,6632516,8686826,5222657
527600399,2,18,31866047,4267446,5463284,6498296,8667098,6969923
527601299,1,18,1610461,212820,307892,351097,441972,296680
527601299,2,18,1694725,199905,305814,327208,450481,411317
527600299,1,18,4322062,586820,811314,1098903,1126104,698921
527600299,2,18,4540518,556739,852653,1032491,1129658,968977
527600699,1,18,19492178,2893353,3455584,4013125,5575142,3554974
527600699,2,18,20159740,2746699,3286236,3937396,5511973,4677436
527600599,1,18,11218807,1667091,2038603,2563594,3068628,1880891
527600599,2,18,11684409,1579504,2015509,2504647,3121685,2463064
527601199,1,18,43244686,6313833,7872337,8904787,12508519,7645210
527601199,2,18,45505562,5996364,7634496,8871898,12631737,10371067
527600999,1,18,9851073,1417234,1773377,2005368,2889605,1765489
527600999,2,18,10229374,1339405,1718426,1977572,2846510,2347461
527603099,1,18,2476620,314611,440597,479966,771353,470093
527603099,2,18,2614094,301089,416614,473941,771869,650581
527601699,1,18,6892028,1006611,1167589,1401128,1980161,1336539
527601699,2,18,7217315,954147,1128825,1396092,2013962,1724289
535200099,1,18,805658,169508,181498,169425,196198,89029
535200099,2,18,790702,162612,172622,160597,190231,104640
537200099,1,18,11300319,2446046,2468291,2667188,2551133,1167661
537200099,2,18,11439176,2334157,2494321,2654106,2544925,1411667
538005099,1,18,311750,45315,45947,75791,88855,55842
538005099,2,18,324010,42567,43613,73880,87063,76887
538004199,1,18,770477,134835,152042,182206,191710,109684
538004199,2,18,790270,127272,144853,183147,198167,136831
538004399,1,18,2681080,427646,434296,688373,729869,400896
538004399,2,18,2726939,407228,415990,633453,711772,558496
538001799,1,18,441120,56097,60706,97615,130606,96096
538001799,2,18,481954,53311,58165,96830,133608,140040
538004499,1,18,1320755,239577,279649,313792,319906,167831
538004499,2,18,1391268,229166,274966,322453,333070,231613
538003799,1,18,4601824,736792,913475,1020561,1184968,746028
538003799,2,18,4952505,697707,891813,1063713,1285143,1014129
538003899,1,18,1142432,170347,176361,293005,311762,190957
538003899,2,18,1195024,159930,169603,279217,317536,268738
538004599,1,18,531653,74533,81520,131334,149442,94824
538004599,2,18,554237,69717,77533,121179,147245,138563
538001299,1,18,686785,80380,86844,163300,204118,152143
538001299,2,18,749840,75494,84275,159134,216668,214269
538000199,1,18,1732738,244972,246131,417810,470774,353051
538000199,2,18,1879163,229457,240409,420666,500595,488036
538001899,1,18,1798678,237396,256063,436189,514861,354169
538001899,2,18,1911212,223739,242175,415333,522375,507590
538000399,1,18,1346420,202657,242875,323694,359528,217666
538000399,2,18,1402683,191951,231690,325102,379089,274851
538003999,1,18,491736,73462,77202,123990,135332,81750
538003999,2,18,509823,70621,73932,116199,134036,115035
538004099,1,18,794412,105957,112013,199882,227027,149533
538004099,2,18,841440,99457,107682,189101,226927,218273
538002199,1,18,588373,84102,86897,152037,158277,107060
538002199,2,18,619833,77981,84552,141653,160073,155574
538002699,1,18,6598978,977535,941635,1650354,1813279,1216175
538002699,2,18,7164785,918271,908752,1651882,1945864,1740016
538001099,1,18,1651763,246911,243245,410649,445882,305076
538001099,2,18,1741477,232873,234025,399803,462399,412377
538004799,1,18,2050429,310653,310030,528549,559949,341248
538004799,2,18,2136395,293027,296344,506291,575207,465526
538001699,1,18,1380097,264861,293599,322807,341423,157407
538001699,2,18,1446157,251084,287460,341654,359774,206185
538003199,1,18,535063,74069,95745,123293,149099,92857
538003199,2,18,553591,68687,90864,116870,149223,127947
538003399,1,18,2997307,498418,599882,654989,766206,477812
538003399,2,18,3229242,475135,585395,679428,843309,645975
538000599,1,18,1027088,143007,147441,249939,280774,205927
538000599,2,18,1100548,134477,143278,247498,290514,284781
538004899,1,18,558006,73984,80828,133172,154701,115321
538004899,2,18,588153,69701,76388,127213,154880,159971
538000699,1,18,1413679,236170,281156,313430,348629,234294
538000699,2,18,1494742,222579,272487,317306,378412,303958
538002399,1,18,1301836,207044,196288,334534,340120,223850
538002399,2,18,1343212,193232,188081,316226,346215,299458
538000799,1,18,2988007,418376,427480,738646,813049,590456
538000799,2,18,3151775,393316,413601,720278,843381,781199
538001599,1,18,959800,128390,162633,237034,271649,160094
538001599,2,18,997062,121351,155385,233770,277435,209121
538002899,1,18,445380,65168,72813,105479,126385,75535
538002899,2,18,464686,61798,68514,101262,125849,107263
538003499,1,18,744261,129054,131794,179907,189262,114244
538003499,2,18,763484,121414,125912,173990,188277,153891
538002999,1,18,979567,150910,189010,223679,255834,160134
538002999,2,18,1018299,142224,180271,224345,268848,202611
538004999,1,18,1134387,175066,218150,257175,297887,186109
538004999,2,18,1205157,167679,210042,263536,319792,244108
538001999,1,18,753102,122907,120693,181679,206190,121633
538001999,2,18,789230,115434,116767,177978,203260,175791
538000899,1,18,5403157,754417,782002,1266256,1517330,1083152
538000899,2,18,5816369,711009,758615,1277699,1604558,1464488
538001499,1,18,1685465,232865,262057,385994,455013,349536
538001499,2,18,1820125,218643,254950,394050,479569,472913
538000499,1,18,2094763,308248,321020,518743,573707,373045
538000499,2,18,2223102,291334,310224,503044,596467,522033
538001399,1,18,3733869,550788,562587,931036,1034515,654943
538001399,2,18,3957935,518103,542809,902978,1054942,939103
542800099,1,18,2831494,452125,642103,618612,749227,369427
542800099,2,18,3360062,430882,613761,631338,910848,773233
544000099,1,18,7142441,1188988,1641552,1534676,1853279,923946
544000099,2,18,8331876,1128280,1583782,1605303,2213106,1801405
547000099,1,18,1034296,162017,227129,213445,293289,138416
547000099,2,18,1044429,153774,211935,202293,293908,182519
552800099,1,18,41095904,7441734,7676603,8669830,11629361,5678376
552800099,2,18,41943455,7104784,7474949,8596391,11504682,7262649
557800099,1,18,12229205,2352369,2417679,2678382,3170719,1610056
557800099,2,18,12228393,2240195,2313514,2549657,3055462,2069565
561601099,1,18,8326307,1427319,2021826,1874130,2214886,788146
561601099,2,18,8811193,1344167,1952365,1836344,2393940,1284377
561600799,1,18,3120674,477640,737227,668001,875655,362151
561600799,2,18,3278362,455623,698100,627595,904405,592639
561600299,1,18,6962788,1046039,1617879,1555259,2031756,711855
561600299,2,18,7533579,994893,1571739,1513246,2199550,1254151
561601199,1,18,5264167,860590,1294963,1136160,1386113,586341
561601199,2,18,5594826,820231,1226840,1080065,1486417,981273
561601299,1,18,5185159,882910,1303966,1144821,1318366,535096
561601299,2,18,5414204,837264,1249679,1103405,1369438,854418
562000599,1,18,486758,92988,111588,116308,114900,50974
562000599,2,18,500763,88647,106175,114177,116407,75357
564300699,1,18,2883768,491132,719144,658715,792078,222699
564300699,2,18,3295506,468030,668946,659737,972807,525986
564300599,1,18,7967399,1366149,2012438,1757860,2113349,717603
564300599,2,18,9444096,1301976,2024790,1868789,2666369,1582172
564300399,1,18,1496789,250041,364104,348203,416725,117716
564300399,2,18,1782856,237072,356487,359318,534597,295382
564300499,1,18,7302249,1133965,1842557,1691844,1951657,682226
564300499,2,18,8640882,1069378,1786384,1782475,2523515,1479130
570300099,1,18,7900219,1286157,1921108,1884845,2067399,740710
570300099,2,18,8356151,1222761,1840041,1829949,2219934,1243466
570500099,1,17,5056296,742923,988284,1191054,1463857,670178
570500099,2,17,5166687,701308,910851,1100482,1428010,1026036
572400999,1,18,599588,94135,122359,151244,138797,93053
572400999,2,18,595311,88561,112879,140001,136489,117381
572400599,1,18,1516978,170167,248706,376422,438408,283275
572400599,2,18,1656386,161613,240888,371965,471112,410808
572400699,1,18,5294520,745760,821331,1351512,1487654,888263
572400699,2,18,5554685,707955,783712,1288399,1540652,1233967
572401199,1,18,3466961,521502,676614,968573,875637,424635
572401199,2,18,3514097,497264,670356,934191,879835,532451
572401599,1,18,1512561,232560,282758,419565,364710,212968
572401599,2,18,1497837,221767,271147,374930,356315,273678
572401699,1,18,1046294,161942,216347,254038,248237,165730
572401699,2,18,1051819,152050,200165,234222,244692,220690
572401399,1,18,438020,57915,82482,103662,106120,87841
572401399,2,18,425777,55933,74625,89400,97007,108812
572401099,1,18,1878857,307422,337096,507104,469701,257534
572401099,2,18,1833750,287251,315787,452041,450509,328162
572400299,1,18,2270183,386522,453785,566224,546442,317210
572400299,2,18,2307479,360197,431731,539172,558055,418324
572401499,1,18,801843,118764,137846,209681,207359,128193
572401499,2,18,796894,113201,130365,189329,198690,165309
572400899,1,18,1715027,293837,323991,473465,412770,210964
572400899,2,18,1719201,274135,313115,439700,415515,276736
572400399,1,18,2202514,390769,462717,608895,479266,260867
572400399,2,18,2154047,368940,424428,542022,480551,338106
572400499,1,18,944191,144857,168801,251336,239287,139910
572400499,2,18,943688,138274,158441,228376,232085,186512
572400199,1,18,2023865,331490,358094,550976,497036,286269
572400199,2,18,1972478,310467,342008,484366,481055,354582
575601299,1,18,687794,123942,137925,153708,186864,85355
575601299,2,18,694335,117693,136349,154068,179107,107118
575600299,1,18,1092412,185842,210587,263223,284987,147773
575600299,2,18,1175825,178120,210859,275531,300997,210318
575601199,1,18,573569,84335,106515,126073,167924,88722
575601199,2,18,580129,78836,105183,120019,160597,115494
575600399,1,18,417828,71480,78454,91429,112229,64236
575600399,2,18,442044,66368,77948,92603,113861,91264
575600499,1,18,1356540,220328,275282,293771,374429,192730
575600499,2,18,1370615,210153,258444,285463,364320,252235
575601099,1,18,812728,118927,133580,181136,234225,144860
575601099,2,18,868076,113306,130181,186759,238183,199647
575600899,1,18,772110,120425,153435,164476,215894,117880
575600899,2,18,789961,113501,147593,162399,216805,149663
575600599,1,18,1720966,301056,342480,393405,452786,231239
575600599,2,18,1810894,285528,333308,404140,465827,322091
575600699,1,18,3362015,515441,621270,841819,908829,474656
575600699,2,18,3442341,486092,603937,809971,905893,636448
580400099,1,18,105599005,16688420,26077220,23723095,27151483,11958787
580400099,2,18,123390716,15799940,25052201,24681080,33929679,23927816
582600099,1,18,154050659,28313599,31424971,32250524,39330245,22731320
582600099,2,18,159783230,26988951,30975393,32698169,40324732,28795985
582600199,1,18,129412612,23880298,26406382,27326888,32775237,19023807
582600199,2,18,133842972,22772904,26004483,27566146,33523188,23976251
582601199,1,18,14276826,2645583,2694796,2946928,3720013,2269506
582601199,2,18,14760135,2515419,2621905,2998728,3817023,2807060
582600799,1,18,11102772,1997071,2203646,2237282,2944669,1720104
582600799,2,18,11422256,1904762,2164035,2272528,2974496,2106435
582601599,1,18,19895928,3865186,4691566,5209543,4161384,1968249
582601599,2,18,20433098,3706579,4776464,5081888,4326190,2541977
582600999,1,18,6315488,1105848,1296024,1214760,1715638,983218
582600999,2,18,6614884,1051964,1274315,1261005,1772567,1255033
582600399,1,18,17233505,3166722,3532988,3472945,4494628,2566222
582600399,2,18,17871417,3011066,3494594,3536946,4564351,3264460
582600699,1,18,12901419,2211791,2460123,2492378,3455082,2282045
582600699,2,18,13432184,2109728,2352306,2527597,3586304,2856249
582600499,1,18,21045081,3911213,4031890,4368213,5494453,3239312
582600499,2,18,21827532,3711449,3932089,4474422,5607258,4102314
582600299,1,18,13723218,2607743,2793424,2773744,3462483,2085824
582600299,2,18,14118131,2486582,2730610,2792474,3506749,2601716
582601099,1,18,12918375,2369141,2701925,2611095,3326887,1909327
582601099,2,18,13363335,2275355,2658165,2620558,3368250,2441007
582603099,1,18,4417965,911689,947635,918999,1077684,561958
582603099,2,18,4597305,864889,937923,957240,1100128,737125
582602099,1,18,12742935,2190602,2564300,2588004,3498286,1901743
582602099,2,18,13567565,2088689,2573852,2720252,3653875,2530897
582604099,1,18,7477147,1331010,1506654,1416633,1979038,1243812
582604099,2,18,7775388,1262469,1459135,1454531,2047541,1551712
603600099,1,18,54751843,10770006,11895488,11569893,13654948,6861508
603600099,2,18,55265496,10220085,11386605,11680191,13853857,8124758
603600199,1,18,898504,169806,228104,203220,212342,85032
603600199,2,18,909583,161304,218885,204175,222650,102569
603600299,1,18,17708815,3491241,3753981,3707953,4434133,2321507
603600299,2,18,17958394,3304820,3614996,3770289,4496239,2772050
603600899,1,18,599105,136281,150650,140652,138580,32942
603600899,2,18,543747,127175,133675,132194,122392,28311
603600863,1,18,427906,77545,101128,105841,114848,28544
603600863,2,18,373048,72500,85219,95642,97423,22264
603600862,1,18,171199,58736,49522,34811,23732,4398
603600862,2,18,170699,54675,48456,36552,24969,6047
603600399,1,18,10982150,2263000,2377959,2304067,2726840,1310284
603600399,2,18,11015853,2145801,2300353,2334627,2748350,1486722
603600499,1,18,4018027,741359,841974,810491,1051233,572970
603600499,2,18,4102511,709111,802693,805278,1078503,706926
603600599,1,18,1253903,249091,243085,232589,345236,183902
603600599,2,18,1278089,234108,233814,243262,352233,214672
603600699,1,18,13500369,2580105,2998096,2905593,3302554,1714021
603600699,2,18,13759379,2448968,2870692,2963153,3406872,2069694
603600799,1,18,5790970,1139123,1301639,1265328,1444030,640850
603600799,2,18,5697940,1088798,1211497,1227213,1426618,743814
625009399,1,18,502542,129345,120592,115748,102081,34776
625009399,2,18,489649,122598,115099,115330,97144,39478
655400099,1,18,10697835,2285960,2342070,2108510,2665900,1295395
655400099,2,18,11090750,2175975,2268630,2300375,2790475,1555295
655400028,1,18,1619440,576450,419920,286970,265870,70230
655400028,2,18,1682110,548600,424390,328260,296460,84400
655400029,1,18,691480,227025,182640,138030,113500,30285
655400029,2,18,703865,216545,181445,148635,119105,38135
684009999,1,18,3414860,649689,747513,673586,909366,434706
684009999,2,18,3394788,614208,662879,650196,917593,549912
684009910,1,18,909514,101891,201234,188726,291279,126384
684009910,2,18,777841,96824,150628,148640,254361,127388
684009921,1,18,515765,57771,68382,82047,179062,128503
684009921,2,18,589579,54664,66193,95463,184946,188313
684009920,1,18,221090,39628,42114,39864,63723,35761
684009920,2,18,242182,39412,41070,44239,71292,46169
684009945,1,18,731947,222750,185073,135112,141562,47450
684009945,2,18,720861,210231,174122,132674,144561,59273
684009923,1,18,569355,115118,124591,120389,141575,67682
684009923,2,18,603189,106337,118532,128205,159615,90500
684009899,1,18,729939,201987,173997,160700,154741,38514
684009899,2,18,719397,189010,181449,151595,150011,47332
