REGISTRY,P0_14,P15_29,P30_44,P45_64,P65,TOTAL_POP,country_region,country_name,N0_14,N15_29,N30_44,N45_64,N65,TOTAL_CASES,Incidence Per Capita,Entity,Code,Year,Consumption,Continent
101200399,338603.0,380581.0,221287.4,156217.6,58953.8,1155642.8,"Algeria, Batna",Algeria,73.2,150.2,389.0,900.6,793.4,2306.4,0.0019957723961071708,Algeria,DZA,2008.0,0.2,Africa
140400299,951003.0,1210213.0,700362.0,238030.0,35190.0,3134798.0,"Kenya, Nairobi",Kenya,270.2,450.2,1320.4,2276.0,1379.6,5696.4,0.0018171505787613746,Kenya,KEN,2008.0,1.05,Africa
169000099,15823.6,17052.6,17238.2,14990.0,5497.8,70602.2,Seychelles,Seychelles,2.4,10.2,28.6,162.8,173.8,377.8,0.00535110803912626,Seychelles,SYC,2008.0,4.54,NA
171000199,434720.2,299955.2,131712.4,134614.2,72407.0,1073409.0,"South Africa, Eastern Cape",South Africa,36.6,95.6,309.6,779.8,792.8,2014.4,0.0018766378891922838,South Africa,ZAF,2008.0,3.96,Africa
171600270,288098.6,304815.0,187895.2,74049.2,18448.0,873306.0,"Zimbabwe, Harare: African",Zimbabwe,106.8,214.2,805.8,1120.0,984.8,3397.8,0.003890732458038763,Zimbabwe,ZWE,2008.0,1.47,NA
180000299,878679.8,858955.4,355426.4,114749.8,35117.4,2242928.8,"Uganda, Kyadondo County",Uganda,331.0,790.0,1443.4,1356.2,792.6,4778.0,0.0021302504118721915,Uganda,UGA,2008.0,0.53,Africa
203200599,225549.0,208018.6,166564.8,163161.0,85506.4,848799.8,"Argentina, Entre Rios Province",Argentina,60.8,138.4,587.4,2794.6,4054.2,7635.4,0.008995525211009709,Argentina,ARG,2008.0,3.16,South America
203200699,323558.2,369503.4,277777.6,259202.6,140278.0,1370319.8,"Argentina, Córdoba",Argentina,146.8,306.8,935.0,4171.4,5739.2,11299.2,0.008245666449539736,Argentina,ARG,2008.0,3.16,South America
203200799,458297.0,447280.6,325903.2,326567.6,174111.6,1732160.0,"Argentina, Mendoza",Argentina,167.4,396.2,1123.2,4919.6,7355.2,13961.6,0.008060225383336412,Argentina,ARG,2008.0,3.16,South America
203200899,37304.0,34281.0,30273.0,24751.0,5052.0,131661.0,"Argentina, Tierra del Fuego",Argentina,4.2,23.8,66.4,242.4,171.6,508.4,0.0038614320109979414,Argentina,ARG,2008.0,3.16,South America
203201199,318765.0,303625.2,195308.2,181854.2,71676.2,1071228.8,"Argentina, Chaco",Argentina,126.6,207.0,613.0,2256.2,2339.4,5542.2,0.005173684650748747,Argentina,ARG,2008.0,3.16,South America
207600299,279682.2,371857.0,317808.2,251275.4,79634.0,1300256.8,"Brazil, Goiânia",Brazil,123.8,352.2,1317.4,5138.4,6289.4,13232.4,0.010176758929466855,Brazil,BRA,2008.0,3.84,South America
207600599,47866.0,67542.0,58995.0,54214.6,17732.2,246349.8,"Brazil, Florianopolis",Brazil,23.4,129.8,494.6,1729.0,1579.0,3961.8,0.01608201021474343,Brazil,BRA,2008.0,3.84,South America
207601199,131849.4,163661.6,133548.2,101782.2,33006.0,563847.4,"Brazil, Aracaju",Brazil,44.2,153.0,578.0,2028.2,1965.0,4775.2,0.008468958090433687,Brazil,BRA,2008.0,3.84,South America
207601299,298566.0,383558.4,349923.2,303972.2,103130.8,1439150.6,"Brazil, Curitiba",Brazil,138.4,305.0,1093.4,4199.2,4579.2,10315.8,0.007167978111533288,Brazil,BRA,2008.0,3.84,South America
207601799,27194.2,33395.2,30696.8,29923.2,12079.8,133289.2,"Brazil, Jau",Brazil,11.4,37.4,132.6,594.4,795.6,1571.4,0.011789402292158704,Brazil,BRA,2008.0,3.84,South America
207602099,25205.0,30768.2,27712.6,27264.2,10592.0,121542.0,"Brazil, Pocos de Caldas",Brazil,8.0,19.4,110.0,511.6,656.2,1305.2,0.010738674696812625,Brazil,BRA,2008.0,3.84,South America
215200199,85103.8,94200.6,76254.8,86050.2,37797.2,379406.6,"Chile, Valdivia",Chile,37.2,91.4,220.0,932.4,1638.2,2919.2,0.007694120239342172,Chile,CHL,2008.0,2.43,South America
215200299,88288.6,92511.8,80867.2,85362.0,37129.0,384158.6,"Chile, Bío Bío Province",Chile,36.0,77.0,224.8,890.0,1798.6,3026.4,0.0078779962234348,Chile,CHL,2008.0,2.43,South America
215200399,81788.8,85798.8,79568.2,72045.2,21221.4,340422.4,"Chile, Region of Antofagasta",Chile,31.8,61.4,198.0,913.4,1128.6,2333.2,0.006853838055310108,Chile,CHL,2008.0,2.43,South America
215200599,128396.0,160032.6,130660.6,134679.8,51243.6,605012.6,"Chile, Concepcion",Chile,55.2,128.0,389.6,1504.6,2338.8,4416.2,0.007299352112666744,Chile,CHL,2008.0,2.43,South America
217000199,552131.8,593477.8,486874.8,447756.8,164453.8,2244695.0,"Colombia, Cali",Colombia,244.0,483.6,1470.6,4950.8,6580.4,13809.0,0.006151838000262842,Colombia,COL,2008.0,3.06,South America
217000299,263428.4,291207.0,231134.4,210114.0,79553.4,1075437.2,"Colombia, Bucaramanga",Colombia,126.0,210.2,663.8,2029.6,2450.2,5517.8,0.005130750544987657,Colombia,COL,2008.0,3.06,South America
217000399,84378.6,104793.8,76585.0,88738.8,33949.6,388445.8,"Colombia, Manizales",Colombia,22.8,89.4,242.0,938.4,1019.0,2311.6,0.005950894564956038,Colombia,COL,2008.0,3.06,South America
217000499,104545.2,112202.6,91621.4,74659.8,28638.0,411667.0,"Colombia, Pasto",Colombia,33.4,77.8,246.6,695.0,993.4,2048.0,0.004974894757170237,Colombia,COL,2008.0,3.06,South America
218800099,906760.2,1014451.6,781481.0,689343.4,235874.2,3627910.4,Costa Rica,Costa Rica,408.2,932.8,2489.6,7782.4,10153.8,21766.8,0.0059998174155569,Costa Rica,CRI,2008.0,2.46,Northern America
221800199,437518.0,460863.8,346369.2,272970.6,103539.0,1621260.6,"Ecuador, Quito",Ecuador,225.4,500.0,1233.8,3481.8,4620.8,10090.4,0.006223798937690831,Ecuador,ECU,2008.0,2.39,South America
221800299,146632.0,149015.0,96336.0,77783.0,35819.0,505585.0,"Ecuador, Cuenca",Ecuador,59.4,106.2,275.0,784.6,1251.6,2477.4,0.0049000662598771725,Ecuador,ECU,2008.0,2.39,South America
221800399,677846.6,638727.8,506920.4,409489.8,137994.8,2370979.4,"Ecuador, Guayaquil",Ecuador,343.6,420.6,1201.2,3360.8,4263.8,9603.2,0.004050309336302121,Ecuador,ECU,2008.0,2.39,South America
221800499,38555.8,34466.8,21700.4,19302.0,8652.6,122677.6,"Ecuador, Loja",Ecuador,13.8,34.4,78.2,236.0,389.6,753.6,0.006142930738781978,Ecuador,ECU,2008.0,2.39,South America
221800599,451910.2,363434.2,266729.0,216029.4,89383.4,1387486.2,"Ecuador, Manabi",Ecuador,149.4,187.0,515.0,1372.0,1919.8,4161.6,0.0029993811830344693,Ecuador,ECU,2008.0,2.39,South America
225009199,77307.0,69855.4,78979.8,107346.2,60279.4,393767.8,"France, Martinique",France,21.6,47.2,286.4,1766.0,2638.0,4759.2,0.012086310764872089,France,FRA,2008.0,2.2,Western Europe
225009499,80169.0,54760.0,48304.0,36954.6,9527.2,229714.8,French Guiana,French Guiana,30.0,49.0,158.6,605.6,507.8,1351.0,0.005881205738594118,,,,,NA
238800199,123166.6,153833.2,112676.4,100311.8,38851.4,528839.4,"Jamaica, Kingston and St Andrew",Jamaica,37.0,49.6,264.0,1003.8,1192.4,2553.0,0.0048275525613258015,Jamaica,JAM,2008.0,1.63,Northern America
260400299,1409128.8,1535243.2,1261981.2,1001045.4,375552.8,5582951.4,"Peru, Lima",Peru,580.2,1169.0,3788.6,11119.2,17395.8,34094.8,0.006106949095061082,Peru,PER,2008.0,2.73,South America
263000099,744252.0,810336.4,753563.4,938248.4,557702.8,3804103.0,"USA, Puerto Rico",United States,293.8,772.0,2907.6,14750.6,23018.2,41758.4,0.010977200144160135,United States,USA,2008.0,4.54,Northern America
285800099,761375.0,754931.4,681300.4,732665.0,465115.6,3395387.4,Uruguay,Uruguay,301.8,709.0,2632.6,13246.2,26419.0,43308.6,0.012755127735939646,Uruguay,URY,2008.0,1.86,South America
312400199,685823.8,845661.8,833236.4,974540.6,396410.6,3735673.2,"Canada, Alberta",Canada,318.8,939.8,3033.2,18208.8,24633.0,47134.2,0.012617324234892922,Canada,CAN,2008.0,4.2,Northern America
312400299,684977.8,894516.4,916298.8,1288767.0,668986.4,4453546.4,"Canada, British Columbia",Canada,302.0,877.2,3274.6,22811.6,41438.0,68703.4,0.015426672101137195,Canada,CAN,2008.0,4.2,Northern America
312400399,235562.6,258591.8,243296.0,329099.2,171315.4,1237865.0,"Canada, Manitoba",Canada,109.0,292.6,1122.8,7856.2,14133.2,23513.8,0.0189954478073134,Canada,CAN,2008.0,4.2,Northern America
312400499,9323.2,10944.0,10074.0,10700.2,2333.0,43374.4,"Canada, Northwest Territories",Canada,3.0,9.6,32.4,195.6,151.0,391.6,0.009028366963001218,Canada,CAN,2008.0,4.2,Northern America
312400599,113774.0,139293.4,148899.6,231113.6,119351.4,752432.0,"Canada, New Brunswick",Canada,59.2,153.0,585.4,5164.2,7842.4,13804.2,0.018346109681672232,Canada,CAN,2008.0,4.2,Northern America
312400699,139823.2,179286.4,183213.2,288114.6,150671.4,941108.8,"Canada, Nova Scotia",Canada,59.4,173.0,755.8,6284.0,10343.4,17615.6,0.018717920818506848,Canada,CAN,2008.0,4.2,Northern America
312400799,23165.4,27082.8,26708.0,42647.2,22290.4,141893.8,"Canada, Prince Edward Island",Canada,8.4,23.8,101.2,931.6,1512.0,2577.0,0.018161470057183614,Canada,CAN,2008.0,4.2,Northern America
312400899,77031.0,93877.4,105669.4,164588.8,79179.6,520346.2,"Canada, Newfoundland and Labrador",Canada,37.8,96.8,484.8,3742.6,5302.0,9664.0,0.01857225055165196,Canada,CAN,2008.0,4.2,Northern America
312400999,5878.4,7175.4,7540.0,11068.6,2939.0,34601.4,"Canada, Yukon",Canada,0.0,7.2,20.4,166.6,159.6,353.8,0.010225019796886831,Canada,CAN,2008.0,4.2,Northern America
312401099,2214155.2,2680487.8,2733519.6,3669458.8,1840902.8,13138524.2,"Canada, Ontario",Canada,1184.2,3309.4,12620.4,71305.0,104917.6,193345.6,0.014715929815009209,Canada,CAN,2008.0,4.2,Northern America
312401299,201085.6,230674.8,200571.0,278436.0,152709.6,1063477.0,"Canada, Saskatchewan",Canada,102.0,239.6,848.2,6623.0,13000.6,20813.4,0.01957108616359357,Canada,CAN,2008.0,4.2,Northern America
312401399,10584.8,9309.2,6956.0,5460.2,1039.4,33349.6,"Canada, Nunavut",Canada,3.6,6.6,23.2,69.0,64.2,166.6,0.004995562165663156,Canada,CAN,2008.0,4.2,Northern America
384000010,46433528.0,49567623.2,47689230.4,66593220.8,35294333.2,245577935.6,USA: White,United States,23197.4,60379.2,219940.6,1402308.4,2128821.0,3834688.6,0.015614955759893603,United States,USA,2008.0,4.54,Northern America
384000030,10092802.6,10229761.0,8458430.2,9786067.6,3586451.2,42153512.6,USA: Black,United States,3806.2,7902.8,34400.8,226094.2,214709.4,486920.6,0.01155112753284527,United States,USA,2008.0,4.54,Northern America
384000099,61096616.0,64839052.0,61247592.0,81265127.2,40678509.6,309126896.8,United States,United States,29062.0,73413.2,274125.6,1711603.2,2439916.0,4528212.4,0.014648393416667585,United States,USA,2008.0,4.54,Northern America
384000210,472943.4,529497.8,611576.2,759964.6,371754.8,2745736.8,"USA, California, San Francisco Bay Area: White",United States,212.6,696.8,2622.0,15739.8,23703.4,42974.6,0.015651390912632266,United States,USA,2008.0,4.54,Northern America
384000220,68587.0,83320.0,96902.0,138466.0,67840.0,455115.0,"USA, California, San Francisco Bay Area: Chinese",United States,19.2,69.4,326.6,1744.6,2715.6,4875.4,0.010712457291014358,United States,USA,2008.0,4.54,Northern America
384000221,7625.0,8339.0,11499.0,15521.0,9557.0,52541.0,"USA, California, San Francisco Bay Area: Japanese",United States,1.8,4.2,35.4,210.6,404.2,656.2,0.012489294075103253,United States,USA,2008.0,4.54,Northern America
384000223,47031.0,54469.0,60254.0,72271.0,31353.0,265378.0,"USA, California, San Francisco Bay Area: Filipino",United States,12.0,45.2,203.2,1099.6,1262.8,2622.8,0.009883260858096753,United States,USA,2008.0,4.54,Northern America
384000230,84769.2,93701.8,84485.4,109223.0,43855.6,416035.0,"USA, California, San Francisco Bay Area: Black",United States,29.4,58.4,321.4,2701.0,2815.2,5925.4,0.014242551708389919,United States,USA,2008.0,4.54,Northern America
384000250,206623.6,210700.8,203476.4,148389.4,49729.2,818919.4,"USA, California, San Francisco Bay Area: Hispanic White",United States,95.0,230.4,675.0,2296.4,2656.6,5953.4,0.007269824112116527,United States,USA,2008.0,4.54,Northern America
384000260,266319.8,318797.0,408099.8,611575.2,322025.6,1926817.4,"USA, California, San Francisco Bay Area: Non-Hispanic White",United States,117.6,466.4,1947.0,13443.4,21046.8,37021.2,0.019213652523586304,United States,USA,2008.0,4.54,Northern America
384000299,763719.0,866948.6,984181.2,1179431.8,553979.8,4348260.4,"USA, California, San Francisco Bay Area",United States,332.0,999.6,4012.0,23232.6,32819.2,61395.4,0.014119531571752234,United States,USA,2008.0,4.54,Northern America
384000310,1492764.2,1670318.0,1579841.0,1689433.4,772674.0,7205030.6,"USA, California, Los Angeles County: White",United States,702.6,1882.4,6151.0,29909.4,43540.4,82185.8,0.011406724629316634,United States,USA,2008.0,4.54,Northern America
384000320,58387.0,90937.0,87781.6,126927.4,55846.2,419879.2,"USA, California, Los Angeles County: Chinese",United States,15.6,57.4,256.0,1321.0,1952.0,3602.0,0.008578657861594478,United States,USA,2008.0,4.54,Northern America
384000322,31169.2,46989.2,54057.0,60572.0,30909.2,223696.6,"USA, California, Los Angeles County: Korean",United States,9.0,21.0,146.2,739.4,1181.4,2097.0,0.009374304303239298,United States,USA,2008.0,4.54,Northern America
384000323,57991.2,72764.2,77453.2,97237.4,42761.2,348207.2,"USA, California, Los Angeles County: Filipino",United States,19.2,57.4,303.4,1582.8,1783.4,3746.2,0.01075853687115028,United States,USA,2008.0,4.54,Northern America
384000330,197513.6,226441.6,194236.6,246745.4,105306.4,970243.6,"USA, California, Los Angeles County: Black",United States,71.2,156.6,733.8,5625.8,6207.4,12794.8,0.013187203708429511,United States,USA,2008.0,4.54,Northern America
384000350,1125496.2,1136292.6,1006009.4,825531.8,269575.8,4362905.8,"USA, California, Los Angeles County: Hispanic White",United States,529.4,1146.4,3365.4,11231.6,11838.8,28111.6,0.006443320412739601,United States,USA,2008.0,4.54,Northern America
384000360,367268.0,534025.4,573831.6,863901.6,503098.2,2842124.8,"USA, California, Los Angeles County: Non-Hispanic White",United States,173.2,736.0,2785.6,18677.8,31701.6,54074.2,0.01902597662143478,United States,USA,2008.0,4.54,Northern America
384000399,1956470.6,2266645.2,2152622.4,2382877.2,1078481.0,9837096.4,"USA, California, Los Angeles County",United States,859.6,2324.0,8281.2,42304.6,59041.8,112811.2,0.011467936819242719,United States,USA,2008.0,4.54,Northern America
384000410,521965.2,551961.2,556437.8,887904.0,467142.4,2985410.6,"USA, Connecticut: White",United States,268.4,723.6,2986.6,19502.6,30355.4,53836.6,0.01803323134177925,United States,USA,2008.0,4.54,Northern America
384000430,100037.0,103861.6,87223.0,92078.8,32660.0,415860.4,"USA, Connecticut: Black",United States,33.2,74.4,327.0,1991.0,1945.0,4370.6,0.010509776838573714,United States,USA,2008.0,4.54,Northern America
384000499,661036.0,696133.4,691051.0,1015423.4,509818.0,3573461.8,"USA, Connecticut",United States,321.4,862.0,3560.0,22387.4,33043.4,60174.2,0.016839189382127997,United States,USA,2008.0,4.54,Northern America
384000510,346970.0,351107.0,402329.8,468773.0,186457.0,1755636.8,"USA, Georgia, Atlanta: White",United States,124.6,490.6,1960.2,9748.8,11607.6,23931.8,0.013631407133867323,United States,USA,2008.0,4.54,Northern America
384000530,326194.2,329841.2,325367.0,311255.0,82275.4,1374932.8,"USA, Georgia, Atlanta: Black",United States,140.2,299.0,1403.4,6914.4,5056.8,13813.8,0.010046891018964707,United States,USA,2008.0,4.54,Northern America
384000599,730433.4,740658.0,799407.2,834457.2,283233.6,3388189.4,"USA, Georgia, Atlanta",United States,287.4,843.2,3595.4,17318.0,17194.8,39238.8,0.01158105270030064,United States,USA,2008.0,4.54,Northern America
384000699,601499.8,629020.8,552447.4,809308.8,455535.0,3047811.8,"USA, Iowa",United States,301.0,818.0,2633.0,17610.6,28989.0,50351.6,0.01652057387532918,United States,USA,2008.0,4.54,Northern America
384000710,65694.4,91702.2,88387.0,126862.8,68139.4,440785.8,"USA, Louisiana, New Orleans: White",United States,38.4,113.8,379.4,2852.8,4229.4,7613.8,0.017273242468337228,United States,USA,2008.0,4.54,Northern America
384000730,76820.4,81982.8,61311.4,84619.2,30052.6,334786.4,"USA, Louisiana, New Orleans: Black",United States,26.4,68.6,277.6,2186.8,1904.6,4464.0,0.013333874972221093,United States,USA,2008.0,4.54,Northern America
384000799,148935.0,182550.8,158052.0,220090.2,100814.4,810442.4,"USA, Louisiana, New Orleans",United States,67.2,190.2,678.6,5148.2,6238.2,12322.4,0.015204535202008186,United States,USA,2008.0,4.54,Northern America
384000810,488526.4,485181.6,521340.4,793258.6,399709.6,2688016.6,"USA, Michigan, Detroit: White",United States,260.8,667.8,2760.6,17985.2,27504.8,49179.2,0.018295720346369882,United States,USA,2008.0,4.54,Northern America
384000830,228837.6,229382.4,199603.6,247569.8,101368.8,1006762.2,"USA, Michigan, Detroit: Black",United States,99.2,181.8,909.4,6971.6,6960.8,15122.8,0.01502122348256619,United States,USA,2008.0,4.54,Northern America
384000899,760607.8,749267.8,767885.0,1079548.0,513957.0,3871265.6,"USA, Michigan, Detroit",United States,375.6,898.6,3845.8,25633.8,35243.2,65997.0,0.017047913219904107,United States,USA,2008.0,4.54,Northern America
384000910,344530.2,351374.8,313830.6,476669.4,251700.6,1738105.6,"USA, New Mexico: White",United States,143.6,390.6,1295.8,9072.8,12782.4,23685.2,0.013627020130422454,United States,USA,2008.0,4.54,Northern America
384000950,228538.2,210805.0,172783.8,194530.4,83243.0,889900.4,"USA, New Mexico: Hispanic White",United States,87.8,211.8,640.8,3223.8,3846.2,8010.4,0.009001456792243265,United States,USA,2008.0,4.54,Northern America
384000960,115992.0,140569.8,141046.8,282139.0,168457.6,848205.2,"USA, New Mexico: Non-Hispanic White",United States,55.8,178.8,655.0,5849.0,8936.2,15674.8,0.01847996216009994,United States,USA,2008.0,4.54,Northern America
384000999,427122.0,433001.4,376231.6,543362.2,275063.8,2054781.0,"USA, New Mexico",United States,171.8,472.0,1535.2,10091.2,13830.8,26101.0,0.01270257024957891,United States,USA,2008.0,4.54,Northern America
384001299,737414.2,676160.8,552675.4,547840.4,252015.0,2766105.8,"USA, Utah",United States,322.8,883.0,2385.2,10283.2,13363.6,27237.8,0.009846984160909535,United States,USA,2008.0,4.54,Northern America
384001399,854262.4,959618.6,974390.6,1258903.4,556956.8,4604131.8,"USA, Washington, Seattle",United States,385.2,1270.2,4520.4,26929.2,36564.8,69669.8,0.01513201685494755,United States,USA,2008.0,4.54,Northern America
384001510,1211376.8,1213731.2,1286510.6,1899307.8,1008377.2,6619303.6,"USA, New Jersey: White",United States,633.0,1783.8,6715.8,42798.2,67580.4,119511.2,0.0180549506748716,United States,USA,2008.0,4.54,Northern America
384001530,299214.4,308173.6,283908.8,320281.0,122805.6,1334383.4,"USA, New Jersey: Black",United States,125.2,225.2,1131.2,6990.2,7510.2,15982.0,0.011977067460521467,United States,USA,2008.0,4.54,Northern America
384001599,1689171.6,1693714.8,1797051.8,2418641.4,1196177.8,8794757.4,"USA, New Jersey",United States,849.6,2219.4,8756.4,53169.2,77950.8,142945.4,0.016253478464340585,United States,USA,2008.0,4.54,Northern America
384001610,2448820.0,2872237.4,2750264.6,3878827.4,2137413.0,14087562.4,"USA, New York State: White",United States,1345.2,4089.2,14526.4,90693.4,143155.4,253810.2,0.018016615848317378,United States,USA,2008.0,4.54,Northern America
384001630,755605.6,849818.2,718588.2,855346.4,351016.0,3530374.4,"USA, New York State: Black",United States,299.2,677.6,3126.4,19684.4,20282.6,44070.2,0.01248315192858865,United States,USA,2008.0,4.54,Northern America
384001699,3530642.2,4153246.8,3904129.2,5168978.4,2641127.6,19398124.2,"USA, New York State",United States,1817.8,5328.2,19590.2,117629.4,170178.4,314546.4,0.016215299827805,United States,USA,2008.0,4.54,Northern America
384001999,847843.6,873010.6,858407.8,1177642.2,583345.6,4340249.8,"USA, Kentucky",United States,391.2,1041.6,4465.0,29089.4,38553.8,73541.0,0.016943955622093457,United States,USA,2008.0,4.54,Northern America
384002010,4094765.2,4283742.2,4267736.2,5856883.0,2911436.4,21414563.0,"USA, SEER",United States,1915.4,5755.2,20396.6,124667.0,183241.4,335975.6,0.015689117727968577,United States,USA,2008.0,4.54,Northern America
384002030,892603.8,893559.0,801300.6,855164.8,285997.4,3728625.6,"USA, SEER",United States,357.8,713.6,3311.4,20572.2,18355.2,43310.2,0.011615593692217313,United States,USA,2008.0,4.54,Northern America
384002099,5788874.0,6032887.8,5963025.8,7633667.0,3597482.6,29015937.2,"USA, SEER",United States,2606.4,7391.4,27403.4,160934.8,221486.4,419822.4,0.014468683093234708,United States,USA,2008.0,4.54,Northern America
384002210,536258.8,596736.4,560558.2,809887.2,426049.0,2929489.6,"USA, Louisiana: White",United States,272.0,747.2,2655.8,18644.8,27229.4,49549.2,0.016913936134130666,United States,USA,2008.0,4.54,Northern America
384002230,364421.2,368066.4,274551.4,348757.2,128763.0,1484559.2,"USA, Louisiana: Black",United States,125.2,289.4,1253.4,9085.8,8376.6,19130.4,0.012886249332461786,United States,USA,2008.0,4.54,Northern America
384002299,925519.2,994300.0,862232.2,1185112.2,562827.8,4529991.4,"USA, Louisiana",United States,409.2,1062.8,3978.4,28032.2,35893.2,69375.8,0.015314775211273028,United States,USA,2008.0,4.54,Northern America
384002410,12802472.8,13483387.0,12948819.2,17151540.2,8553319.6,64939538.8,"USA, SEER",United States,6085.4,16719.0,58918.8,358825.6,531237.0,971785.8,0.014964470305107867,United States,USA,2008.0,4.54,Northern America
384002429,1711254.4,1932513.8,2091270.6,2171020.8,918912.2,8824971.8,"USA, SEER",United States,600.8,1535.6,7020.2,29548.4,37157.8,75862.8,0.00859637874423576,United States,USA,2008.0,4.54,Northern America
384002430,2595764.2,2640967.4,2230210.2,2539144.8,899011.2,10905097.8,"USA, SEER",United States,988.6,1991.2,8908.4,59521.0,55813.8,127223.0,0.011666378636237448,United States,USA,2008.0,4.54,Northern America
384002450,4849954.6,4572759.6,3976035.4,3077439.2,974081.0,17450269.8,"USA, SEER",United States,2269.2,4618.4,13375.2,45179.2,47269.6,112711.6,0.006459017613584405,United States,USA,2008.0,4.54,Northern America
384002460,7952518.2,8910627.4,8972783.8,14074101.0,7579238.6,47489269.0,"USA, SEER",United States,3816.2,12100.6,45543.6,313646.4,483967.4,859074.2,0.01808985941645048,United States,USA,2008.0,4.54,Northern America
384002499,17477696.8,18431383.4,17568529.4,22156590.4,10457308.8,86091508.8,"USA, SEER",United States,7886.0,20955.6,77053.4,458458.2,635837.2,1200190.4,0.01394086846344131,United States,USA,2008.0,4.54,Northern America
384002510,5807492.0,6259703.4,5789868.8,7069507.8,3411266.2,28337838.2,"USA, California: White",United States,2746.0,7226.0,23516.4,135599.4,203291.8,372379.6,0.01314072009910763,United States,USA,2008.0,4.54,Northern America
384002530,616802.6,667235.0,544410.8,647150.2,239646.8,2715245.4,"USA, California: Black",United States,218.0,451.8,1915.2,14359.2,14331.8,31276.0,0.011518664206189246,United States,USA,2008.0,4.54,Northern America
384002542,182498.8,193284.8,156738.6,149168.4,42318.2,724008.8,"USA, California: American Indian",United States,13.8,52.0,181.6,964.2,939.8,2151.4,0.002971510843514609,United States,USA,2008.0,4.54,Northern America
384002599,7616515.0,8336673.8,7786332.0,9273997.2,4300027.2,37313545.2,"USA, California",United States,3378.0,8906.2,30674.0,173892.6,248388.8,465239.6,0.01246838373320796,United States,USA,2008.0,4.54,Northern America
384004010,452564.4,463024.2,445342.8,632571.6,380005.4,2373508.4,"USA, Arkansas: White",United States,213.0,476.2,1835.4,13509.8,21612.2,37646.6,0.01586116147724609,United States,USA,2008.0,4.54,Northern America
384004030,119300.8,113652.2,88144.8,106895.6,38569.2,466562.6,"USA, Arkansas: Black",United States,44.4,88.4,334.0,2518.0,2179.8,5164.6,0.0110694684914736,United States,USA,2008.0,4.54,Northern America
384004099,590588.4,596416.6,551317.4,755213.8,422835.8,2916372.0,"USA, Arkansas",United States,264.6,580.8,2236.2,16473.4,24362.6,43917.6,0.015058984244808275,United States,USA,2008.0,4.54,Northern America
384004110,111129.6,127870.6,119091.0,187689.6,110828.2,656609.0,"USA, Delaware: White",United States,57.6,162.2,629.6,4484.8,7172.2,12506.4,0.019046951838917834,United States,USA,2008.0,4.54,Northern America
384004130,49716.2,48451.4,41126.0,48412.8,17195.0,204901.4,"USA, Delaware: Black",United States,25.8,44.2,175.2,1188.2,1044.8,2478.2,0.012094597694305652,United States,USA,2008.0,4.54,Northern America
384004199,169369.8,185491.2,170297.2,244046.4,130926.8,900131.4,"USA, Delaware",United States,88.8,213.6,838.4,5769.6,8324.4,15234.8,0.016925084493219545,United States,USA,2008.0,4.54,Northern America
384004210,637963.2,706433.2,693018.0,1045554.2,525944.8,3608913.4,"USA, Maryland: White",United States,310.6,855.0,3242.4,22053.4,31357.6,57826.2,0.016023160877177048,United States,USA,2008.0,4.54,Northern America
384004230,391767.0,404798.4,376805.4,454811.4,156579.4,1784761.6,"USA, Maryland: Black",United States,157.8,324.4,1595.8,9972.0,9024.6,21075.2,0.011808411834947592,United States,USA,2008.0,4.54,Northern America
384004299,1110014.8,1195300.4,1170112.8,1594420.6,715648.6,5785497.2,"USA, Maryland",United States,515.2,1260.2,5225.4,33369.8,41808.0,82196.0,0.014207249119401527,United States,USA,2008.0,4.54,Northern America
384004399,1061058.8,1098087.6,1030892.0,1433343.8,689697.0,5313079.2,"USA, Minnesota",United States,522.0,1379.2,4772.4,30412.0,42261.6,79347.2,0.01493431530250857,United States,USA,2008.0,4.54,Northern America
384004499,623969.4,634831.8,563894.4,760754.0,384170.4,2967620.0,"USA, Mississippi",United States,258.0,629.6,2590.4,17777.2,23542.6,44798.4,0.01509573328121525,United States,USA,2008.0,4.54,Northern America
384004510,1302656.6,1351184.2,1413658.2,1895961.0,1026937.8,6990397.8,"USA, North Carolina: White",United States,677.2,1689.8,6859.4,41853.6,61359.8,112439.8,0.016084892908383556,United States,USA,2008.0,4.54,Northern America
384004530,493349.6,499936.0,436910.4,526235.0,198704.0,2155135.0,"USA, North Carolina: Black",United States,183.2,363.0,1941.0,12825.4,11892.8,27205.4,0.012623524744389563,United States,USA,2008.0,4.54,Northern America
384004599,1894086.6,1947782.0,1951203.8,2501804.0,1249371.4,9544247.8,"USA, North Carolina",United States,902.2,2128.6,9105.4,55812.0,74419.2,142367.4,0.014916565766450446,United States,USA,2008.0,4.54,Northern America
384004699,124959.6,157868.8,117618.0,177966.0,97841.2,676253.6,"USA, North Dakota",United States,49.2,180.4,527.2,3685.4,5854.2,10297.0,0.015226536317144929,United States,USA,2008.0,4.54,Northern America
384004710,335165.4,344207.8,306477.8,441751.2,239219.2,1666821.4,"USA, Nebraska: White",United States,172.6,420.0,1334.4,8796.4,14201.4,24924.8,0.014953491717828917,United States,USA,2008.0,4.54,Northern America
384004730,29837.2,24884.8,18100.8,17837.6,5674.0,96334.4,"USA, Nebraska: Black",United States,16.8,16.8,63.0,431.8,365.2,893.6,0.00927602185719743,United States,USA,2008.0,4.54,Northern America
384004799,383148.4,386517.2,339406.2,470447.0,247784.4,1827303.2,"USA, Nebraska",United States,197.8,457.2,1459.8,9487.0,14823.8,26425.6,0.014461529974883204,United States,USA,2008.0,4.54,Northern America
384004899,230745.2,252386.0,251279.8,402334.8,180729.4,1317475.2,"USA, New Hampshire",United States,132.4,315.4,1303.2,8901.2,11738.4,22391.2,0.01699553813233069,United States,USA,2008.0,4.54,Northern America
384004910,429386.0,431549.4,450700.2,562336.4,280836.4,2154808.4,"USA, Nevada: White",United States,183.4,454.2,1654.0,10315.0,16074.8,28681.4,0.013310417761504921,United States,USA,2008.0,4.54,Northern America
384004930,64998.6,62444.8,54402.8,54586.2,20335.4,256767.8,"USA, Nevada: Black",United States,18.0,36.8,184.8,938.0,1008.4,2186.0,0.008513528565497698,United States,USA,2008.0,4.54,Northern America
384004999,552349.8,557965.4,573822.8,690858.0,329206.4,2704202.4,"USA, Nevada",United States,218.8,549.6,2119.0,12702.6,19126.8,34718.0,0.01283853605040806,United States,USA,2008.0,4.54,Northern America
384005042,34897.8,31484.8,21003.4,25410.2,7891.0,120687.2,"USA, Alaska: Alaska Natives",United States,23.4,39.0,99.8,548.8,496.6,1207.6,0.01000603212271061,United States,USA,2008.0,4.54,Northern America
384005099,154890.8,163037.4,140747.8,196501.2,55963.8,711141.0,"USA, Alaska",United States,76.8,176.8,578.4,3750.4,3259.4,7841.8,0.011027067768557853,United States,USA,2008.0,4.54,Northern America
384005110,616117.0,654328.6,644696.8,942300.0,538186.0,3395628.4,"USA, Alabama: White",United States,296.8,717.0,3026.4,21217.4,31787.6,57046.4,0.016799953728741344,United States,USA,2008.0,4.54,Northern America
384005130,293845.0,309943.0,247183.2,311453.2,119088.2,1281512.6,"USA, Alabama: Black",United States,114.2,221.0,1055.8,7425.0,6948.0,15764.0,0.012301088572987888,United States,USA,2008.0,4.54,Northern America
384005199,932298.4,988737.6,916535.6,1276124.2,663627.8,4777323.6,"USA, Alabama",United States,417.6,958.2,4160.2,29110.2,39358.2,74014.6,0.015492900669320372,United States,USA,2008.0,4.54,Northern America
384005210,1116220.8,1118524.4,1049543.8,1388807.0,836889.4,5509985.4,"USA, Arizona: White",United States,502.4,1249.2,4292.4,25018.8,42923.2,73993.2,0.013428928504964821,United States,USA,2008.0,4.54,Northern America
384005230,87671.4,82790.6,65755.0,61375.2,18941.8,316534.0,"USA, Arizona: Black",United States,27.0,46.2,196.0,1053.6,854.8,2177.6,0.006879513733121876,United States,USA,2008.0,4.54,Northern America
384005242,101579.2,97232.0,69770.2,67522.8,22546.6,358650.8,"USA, Arizona: American Indian",United States,33.0,74.0,195.0,739.8,706.2,1748.0,0.004873821555674768,United States,USA,2008.0,4.54,Northern America
384005299,1354471.8,1351901.8,1244630.4,1565284.0,894691.2,6410979.2,"USA, Arizona",United States,650.4,1428.8,4917.8,27712.2,45468.2,80187.0,0.012507761684829675,United States,USA,2008.0,4.54,Northern America
384005310,892681.4,941252.2,944213.2,1229002.0,525958.8,4533107.6,"USA, Colorado: White",United States,422.2,1118.8,3959.4,22924.2,28948.0,57374.4,0.012656747878651724,United States,USA,2008.0,4.54,Northern America
384005330,65654.2,60897.4,51814.6,52026.4,15822.4,246215.0,"USA, Colorado: Black",United States,21.0,44.2,164.4,973.8,869.6,2073.0,0.008419470787726174,United States,USA,2008.0,4.54,Northern America
384005399,1021027.6,1066137.6,1060291.2,1336754.4,558645.4,5042856.2,"USA, Colorado",United States,468.4,1229.2,4351.8,25197.2,31322.0,62571.6,0.012407968325569148,United States,USA,2008.0,4.54,Northern America
384005510,2386686.2,2713102.4,2763964.0,4205562.6,2975999.0,15045314.2,"USA, Florida: White",United States,1271.2,3094.2,12490.6,88317.6,168449.6,273626.8,0.018186845177350967,United States,USA,2008.0,4.54,Northern America
384005530,771882.2,800776.6,640263.4,714010.8,266345.0,3193278.0,"USA, Florida: Black",United States,304.2,636.2,2557.0,14212.6,14247.6,31959.4,0.010008336261359017,United States,USA,2008.0,4.54,Northern America
384005599,3286810.0,3659409.4,3563832.2,5077402.8,3297694.8,18885149.2,"USA, Florida",United States,1622.6,3856.0,15581.2,104796.4,185547.2,311409.4,0.01648964467805211,United States,USA,2008.0,4.54,Northern America
384005610,1233741.2,1243333.4,1290257.2,1664501.4,804015.0,6235848.2,"USA, Georgia: White",United States,511.6,1458.2,6162.4,36192.6,49039.2,93364.0,0.014972141239743456,United States,USA,2008.0,4.54,Northern America
384005630,741661.8,738184.4,664026.6,705012.8,219045.2,3067930.8,"USA, Georgia: Black",United States,295.4,600.6,2739.2,16012.0,13156.2,32803.4,0.010692353295582808,United States,USA,2008.0,4.54,Northern America
384005699,2068883.0,2076991.8,2064136.8,2456079.8,1046861.4,9712952.8,"USA, Georgia",United States,848.8,2140.4,9283.0,53341.8,63080.0,128694.0,0.013249729783511353,United States,USA,2008.0,4.54,Northern America
384005799,357025.2,331231.6,294582.8,388208.0,196755.4,1567803.0,"USA, Idaho",United States,162.8,403.4,1251.4,7719.6,12000.8,21538.0,0.013737695360960528,United States,USA,2008.0,4.54,Northern America
384005810,1944916.2,2066342.2,2028094.0,2712412.4,1377893.0,10129657.8,"USA, Illinois: White",United States,949.8,2581.6,9223.6,57909.8,87995.6,158660.4,0.015662957538407664,United States,USA,2008.0,4.54,Northern America
384005830,467549.6,470011.2,381747.4,459617.8,185492.8,1964418.8,"USA, Illinois: Black",United States,156.8,387.0,1571.4,11505.2,11855.0,25475.4,0.01296841589990892,United States,USA,2008.0,4.54,Northern America
384005899,2564962.6,2706503.4,2597797.2,3332560.0,1622033.2,12823856.4,"USA, Illinois",United States,1175.2,3151.2,11521.2,72108.8,102906.4,190862.8,0.01488341681680091,United States,USA,2008.0,4.54,Northern America
384005910,1115796.0,1153405.4,1090755.8,1544369.6,789702.2,5694029.0,"USA, Indiana: White",United States,593.2,1309.0,4993.6,32188.2,46903.2,85987.2,0.015101292950914018,United States,USA,2008.0,4.54,Northern America
384005930,177095.6,154456.4,125252.4,136747.4,50207.8,643759.6,"USA, Indiana: Black",United States,66.4,109.4,459.8,3009.4,3035.8,6680.8,0.010377786987564924,United States,USA,2008.0,4.54,Northern America
384005999,1327182.0,1348717.8,1252744.4,1709164.0,847726.6,6485534.8,"USA, Indiana",United States,681.2,1471.8,5627.8,35862.8,50790.0,94433.6,0.014560649647581879,United States,USA,2008.0,4.54,Northern America
384006010,941789.8,1128244.8,1074640.8,1612131.8,842980.0,5599787.2,"USA, Massachusetts: White",United States,510.6,1479.2,5629.8,36608.0,53492.0,97719.6,0.01745059169391294,United States,USA,2008.0,4.54,Northern America
384006030,129419.6,141781.4,113982.6,116517.6,39899.6,541600.8,"USA, Massachusetts: Black",United States,47.0,115.4,465.8,2503.0,2156.6,5287.8,0.009763279522482241,United States,USA,2008.0,4.54,Northern America
384006099,1156801.2,1382960.8,1297422.6,1812242.4,911170.2,6560597.2,"USA, Massachusetts",United States,596.0,1726.6,6604.6,40986.4,57579.4,107493.0,0.016384636447425854,United States,USA,2008.0,4.54,Northern America
384006199,222016.6,241460.6,243739.0,408766.6,213101.2,1329084.0,"USA, Maine",United States,122.8,315.8,1196.2,9052.0,13749.6,24436.4,0.018385895850074187,United States,USA,2008.0,4.54,Northern America
384006210,1464762.6,1565158.0,1483035.2,2331663.8,1212049.8,8056669.4,"USA, Michigan: White",United States,804.6,1968.0,7208.2,49963.8,74338.2,134288.8,0.016668029098972335,United States,USA,2008.0,4.54,Northern America
384006230,356892.8,355487.8,289139.8,347176.6,136723.0,1485420.0,"USA, Michigan: Black",United States,161.6,276.6,1227.6,9104.2,8838.0,19608.6,0.013200710910045642,United States,USA,2008.0,4.54,Northern America
384006299,1905801.0,2007163.4,1859412.4,2752399.0,1372486.4,9897262.2,"USA, Michigan",United States,1005.8,2351.6,8844.8,60871.4,85207.0,158288.4,0.015993150105692865,United States,USA,2008.0,4.54,Northern America
384006310,953049.2,1017763.0,945229.6,1405629.0,770618.6,5092289.4,"USA, Missouri: White",United States,468.0,1138.8,4302.0,30249.0,45512.0,81671.0,0.01603816939390758,United States,USA,2008.0,4.54,Northern America
384006330,184226.8,181144.8,140079.0,165957.8,62435.6,733844.0,"USA, Missouri: Black",United States,75.4,152.4,551.2,4125.8,3924.4,8829.2,0.012031439924561625,United States,USA,2008.0,4.54,Northern America
384006399,1172223.6,1239592.4,1123667.2,1603736.6,843193.8,5982413.6,"USA, Missouri",United States,557.6,1324.6,4985.2,34830.8,49932.8,91633.4,0.01531712885916146,United States,USA,2008.0,4.54,Northern America
384006499,183720.6,199158.6,172687.2,286998.2,148223.4,990788.0,"USA, Montana",United States,83.4,266.0,778.0,5946.6,9100.0,16174.0,0.016324380190313164,United States,USA,2008.0,4.54,Northern America
384006510,1792182.2,1891376.4,1827006.8,2776647.0,1475506.6,9762719.0,"USA, Ohio: White",United States,839.8,2208.6,8614.0,57684.6,87597.0,156944.0,0.016075849361228158,United States,USA,2008.0,4.54,Northern America
384006530,384420.0,356896.0,280821.0,347846.0,141481.8,1511464.8,"USA, Ohio: Black",United States,130.6,254.4,1072.2,8072.4,8494.0,18023.6,0.0119245912971311,United States,USA,2008.0,4.54,Northern America
384006599,2234017.6,2311737.4,2173966.8,3179121.0,1634719.0,11533561.8,"USA, Ohio",United States,1007.6,2573.6,10034.2,67348.2,98198.4,179162.0,0.015533969740379766,United States,USA,2008.0,4.54,Northern America
384006610,557439.8,602153.2,553031.2,798889.6,452973.2,2964487.0,"USA, Oklahoma: White",United States,264.2,633.2,2350.8,16827.2,26530.4,46608.2,0.015722180599881192,United States,USA,2008.0,4.54,Northern America
384006630,87244.8,81983.2,59573.6,67514.8,23297.0,319613.4,"USA, Oklahoma: Black",United States,30.6,62.6,229.0,1526.6,1534.0,3383.4,0.0105859141074811,United States,USA,2008.0,4.54,Northern America
384006699,773805.6,800391.4,703421.0,961646.2,509738.4,3749002.6,"USA, Oklahoma",United States,325.0,796.8,2901.0,20212.8,30278.6,54520.8,0.014542747983156907,United States,USA,2008.0,4.54,Northern America
384006710,627442.8,685645.0,679591.8,971306.8,516720.6,3480707.0,"USA, Oregon: White",United States,329.8,875.4,2996.0,19988.0,30469.0,54658.2,0.015703189036020554,United States,USA,2008.0,4.54,Northern America
384006730,27581.6,24417.2,19291.6,18045.8,5408.4,94744.6,"USA, Oregon: Black",United States,4.8,15.4,58.6,355.0,322.4,756.2,0.007981457518423213,United States,USA,2008.0,4.54,Northern America
384006799,714501.2,774185.0,761649.0,1045874.2,540419.0,3836628.4,"USA, Oregon",United States,359.8,955.0,3330.8,21568.8,32094.0,58308.4,0.015197823172033028,United States,USA,2008.0,4.54,Northern America
384006810,1812391.8,2072607.8,1954687.2,3116477.6,1805470.0,10761634.4,"USA, Pennsylvania: White",United States,925.4,2789.6,10330.4,70520.2,113954.4,198523.6,0.018447346622368067,United States,USA,2008.0,4.54,Northern America
384006830,364175.2,375330.4,288715.6,341811.6,137375.2,1507408.0,"USA, Pennsylvania: Black",United States,150.4,307.6,1293.4,8840.0,8836.6,19428.0,0.012888348741681084,United States,USA,2008.0,4.54,Northern America
384006899,2269041.0,2559410.4,2350228.8,3548760.0,1972146.8,12699587.0,"USA, Pennsylvania",United States,1125.4,3276.8,12200.0,82070.0,126700.2,225382.0,0.01774719130629996,United States,USA,2008.0,4.54,Northern America
384006910,149215.4,190221.8,171216.2,266032.6,145153.8,921839.8,"USA, Rhode Island: White",United States,79.8,229.0,958.4,6035.4,9181.8,16484.4,0.01788206584267679,United States,USA,2008.0,4.54,Northern America
384006930,22112.6,23400.8,17133.4,16697.0,5177.2,84521.0,"USA, Rhode Island: Black",United States,4.8,13.2,59.4,307.6,265.8,650.8,0.007699861572863548,United States,USA,2008.0,4.54,Northern America
384006999,181258.0,228055.8,198574.0,291536.4,153047.0,1052471.2,"USA, Rhode Island",United States,89.4,257.8,1051.4,6519.4,9644.6,17563.2,0.01668758252007276,United States,USA,2008.0,4.54,Northern America
384007010,567382.4,625838.8,614193.6,888379.2,505504.6,3201298.6,"USA, South Carolina: White",United States,254.0,701.6,2859.6,19586.2,29590.8,52992.2,0.01655334494570422,United States,USA,2008.0,4.54,Northern America
384007030,304669.6,315450.4,252147.4,330060.4,128784.8,1331112.6,"USA, South Carolina: Black",United States,100.2,235.2,1040.6,7832.2,7528.8,16737.0,0.012573692112898638,United States,USA,2008.0,4.54,Northern America
384007099,893880.2,965036.6,890790.0,1239899.6,640748.4,4630354.8,"USA, South Carolina",United States,363.2,956.0,3992.4,27828.0,37574.8,70714.4,0.015271918255594581,United States,USA,2008.0,4.54,Northern America
384007110,4636387.4,4488392.2,4217718.2,5010152.2,2318845.8,20671495.8,"USA, Texas: White",United States,2566.8,5218.6,17884.6,96337.4,131795.0,253803.0,0.012277921368418826,United States,USA,2008.0,4.54,Northern America
384007130,777144.6,765594.6,674111.0,722919.0,228454.8,3168224.0,"USA, Texas: Black",United States,294.4,603.6,2659.4,15883.0,13798.6,33239.0,0.010491366772046422,United States,USA,2008.0,4.54,Northern America
384007199,5727844.6,5571989.2,5243665.2,6031173.2,2634220.6,25208892.8,"USA, Texas",United States,2992.2,6042.2,21394.2,115287.4,148581.6,294298.2,0.011674380240928312,United States,USA,2008.0,4.54,Northern America
384007299,103647.2,125442.0,112802.8,191467.2,92138.2,625497.4,"USA, Vermont",United States,40.6,143.8,539.2,4147.6,5608.4,10479.6,0.016754026475569683,United States,USA,2008.0,4.54,Northern America
384007399,1303799.0,1411827.8,1367789.0,1817459.4,837839.2,6738714.4,"USA, Washington State",United States,646.0,1782.2,6190.0,37983.6,52714.0,99315.8,0.014738093070096575,United States,USA,2008.0,4.54,Northern America
384007499,318653.2,346335.2,348928.0,537065.0,299503.6,1850485.0,"USA, West Virginia",United States,150.2,418.6,1808.0,12461.0,18129.0,32966.8,0.01781522141492636,United States,USA,2008.0,4.54,Northern America
384007510,922256.4,993428.4,956334.0,1458708.2,752191.8,5082918.8,"USA, Wisconsin: White",United States,452.4,1245.0,4376.2,29635.2,45873.0,81583.0,0.01605042362667686,United States,USA,2008.0,4.54,Northern America
384007530,118082.8,102641.0,76660.2,74913.2,21893.6,394190.8,"USA, Wisconsin: Black",United States,41.8,78.6,331.4,2051.8,1480.4,3984.0,0.010106780777227677,United States,USA,2008.0,4.54,Northern America
384007599,1098586.8,1157385.2,1078256.8,1568637.8,784351.8,5687218.4,"USA, Wisconsin",United States,531.4,1401.0,4946.2,32526.2,48697.6,88105.4,0.015491826373328653,United States,USA,2008.0,4.54,Northern America
384007699,112281.6,120013.8,103529.6,156311.6,70669.2,562805.8,"USA, Wyoming",United States,48.0,137.6,439.4,2975.0,3948.4,7548.4,0.013412086371533483,United States,USA,2008.0,4.54,Northern America
384007710,1052690.2,1179837.2,1167617.2,1630863.8,799752.2,5830760.6,"USA, Virginia: White",United States,499.4,1260.0,4952.8,31591.0,44891.4,83197.6,0.014268738798845559,United States,USA,2008.0,4.54,Northern America
384007730,362353.4,391113.6,329003.4,409740.8,150866.4,1643077.6,"USA, Virginia: Black",United States,116.2,319.4,1320.0,9201.4,8893.4,19852.8,0.012082691651325536,United States,USA,2008.0,4.54,Northern America
384007799,1531213.2,1691084.4,1642024.2,2161616.6,989019.4,8014957.8,"USA, Virginia",United States,660.4,1684.4,6775.4,42523.2,55432.0,107082.6,0.013360344829264105,United States,USA,2008.0,4.54,Northern America
384007899,168568.2,171377.4,144029.4,214547.8,117349.4,815872.2,"USA, South Dakota",United States,71.4,197.8,640.4,4294.6,7028.6,12232.8,0.01499352472115118,United States,USA,2008.0,4.54,Northern America
384007910,938212.2,982349.2,1007649.0,1419694.6,767178.8,5115083.8,"USA, Tennessee: White",United States,469.4,1207.6,4997.4,32472.6,46136.6,85284.2,0.01667307972549736,United States,USA,2008.0,4.54,Northern America
384007930,267969.4,269694.0,220027.4,257831.2,86448.2,1101970.2,"USA, Tennessee: Black",United States,120.2,230.4,912.8,6197.0,5220.6,12681.0,0.011507570712892237,United States,USA,2008.0,4.54,Northern America
384007999,1237759.2,1284221.2,1263150.8,1706336.8,861758.6,6353226.6,"USA, Tennessee",United States,606.8,1471.6,6035.8,39062.4,51791.6,98969.4,0.015577816789975664,United States,USA,2008.0,4.54,Northern America
384008010,43780314.4,46868606.4,45258009.6,63150482.4,33475701.0,232533113.8,"USA, NPCR: White",United States,21905.4,56935.2,208406.6,1330068.8,2019475.8,3636833.8,0.01564006837808061,United States,USA,2008.0,4.54,Northern America
384008029,3150158.6,3644322.0,3926442.2,3674106.4,1368758.0,15763787.2,"USA, NPCR: Asian and Pacific Islander",United States,1225.2,2832.8,12359.6,45689.6,50255.4,112363.8,0.0071279698573956905,United States,USA,2008.0,4.54,Northern America
384008030,9858565.0,10007205.6,8288653.2,9614632.2,3528572.0,41297628.0,"USA, NPCR: Black",United States,3728.8,7745.2,33766.6,222342.0,211237.2,478827.0,0.011594540006026496,United States,USA,2008.0,4.54,Northern America
384008042,1024861.6,995645.6,808548.4,810397.8,237642.8,3877096.2,"USA, NPCR: American Indian/Alaska Natives",United States,225.2,501.0,1538.0,8097.2,7747.2,18108.6,0.004670660480387358,United States,USA,2008.0,4.54,Northern America
384008099,57813900.0,61515780.0,58281652.8,77249620.0,38610673.8,293471626.6,"USA, NPCR",United States,27530.6,69338.2,260215.2,1627829.2,2316916.8,4301922.4,0.014658733622189288,United States,USA,2008.0,4.54,Northern America
404800046,180708.6,161927.0,110782.4,92510.2,23760.8,569689.0,Bahrain: Bahraini,Bahrain,61.2,86.6,234.4,715.2,545.8,1643.2,0.0028843807761778795,Bahrain,BHR,2008.0,0.47,NA
409600099,54589.6,53537.8,37166.4,31178.8,7988.2,184460.8,Brunei Darussalam,Brunei,18.0,55.4,149.4,385.4,341.2,949.4,0.005146892998403997,Brunei,BRN,2008.0,0.59,NA
415600199,669501.0,1743248.0,1716759.8,2459148.4,1177481.0,7766138.2,"China, Beijing",China,253.6,1014.8,4946.2,25867.6,40206.2,72288.4,0.009308152667177619,China,CHN,2008.0,1.55,Asia
415600299,112338.4,182035.2,256029.0,399612.2,169120.0,1119134.8,"China, Qidong County",China,18.4,86.2,815.6,4578.0,6099.6,11597.8,0.010363184131169899,China,CHN,2008.0,1.55,Asia
415600399,460746.6,1246089.4,1043892.8,2391014.2,1046956.8,6188699.8,"China, Shanghai City",China,150.0,1112.8,3473.2,31404.8,42834.8,78975.6,0.012761258835014102,China,CHN,2008.0,1.55,Asia
415600699,166179.2,173372.0,153049.0,109393.2,34109.4,636102.8,"China, Cixian County",China,25.8,78.0,337.4,2693.2,2232.6,5367.0,0.00843731547793847,China,CHN,2008.0,1.55,Asia
415600799,42282.8,67198.6,89419.0,129850.2,54845.0,383595.6,"China, Jiashan County",China,8.4,44.2,296.0,1646.0,2284.8,4279.4,0.011156019516386527,China,CHN,2008.0,1.55,Asia
415600899,222701.6,276482.8,226538.8,255849.6,71580.8,1053153.6,"China, Linzhou County",China,46.2,147.2,687.6,4896.6,3760.0,9537.6,0.009056228834996148,China,CHN,2008.0,1.55,Asia
415600999,445843.6,1350120.6,1055968.0,1432468.4,522952.8,4807353.4,"China, Wuhan City",China,191.4,795.6,3597.2,17913.6,18152.2,40650.0,0.008455796072741396,China,CHN,2008.0,1.55,Asia
415601299,146319.6,273239.4,388435.2,481098.2,176673.8,1465766.2,"China, Anshan City",China,24.6,123.8,1190.2,6338.0,6900.4,14577.0,0.009944969395528427,China,CHN,2008.0,1.55,Asia
415601499,140350.6,226812.4,231933.6,221573.2,77484.4,898154.2,"China, Zhongshan City",China,48.0,136.2,869.6,3374.6,2602.4,7030.8,0.007828054469934006,China,CHN,2008.0,1.55,Asia
415601599,99988.0,255153.4,268911.6,282542.0,105115.0,1011710.0,"China, Harbin City, Nangang District",China,19.8,81.8,699.8,3374.0,3353.8,7529.2,0.007442053552895593,China,CHN,2008.0,1.55,Asia
415601699,72995.4,113426.0,90218.0,98594.6,26027.0,401261.0,"China, Shexian County",China,27.0,41.4,201.4,2065.2,1332.8,3684.4,0.009182053576101341,China,CHN,2008.0,1.55,Asia
415601899,99316.4,169865.6,153532.2,132780.8,48915.4,604410.4,"China, Yanting County",China,52.2,109.2,607.6,3090.0,3124.8,6983.8,0.011554731685622882,China,CHN,2008.0,1.55,Asia
415602199,836200.4,1474389.8,1661828.2,2054479.8,801701.2,6828599.4,"China, Hangzhou City",China,351.2,1449.2,6850.8,26269.0,26622.0,61542.2,0.00901241914996507,China,CHN,2008.0,1.55,Asia
415602399,58911.6,100948.2,122538.4,162476.0,67160.0,512034.2,"China, Jiaxing City",China,10.2,89.0,449.0,1932.0,2690.6,5170.8,0.010098544198805471,China,CHN,2008.0,1.55,Asia
415602499,666537.2,1230562.2,1218420.0,1244873.8,501472.6,4861865.8,"China, Guangzhou",China,315.2,954.4,4589.4,15823.4,15480.0,37162.4,0.007643649892598846,China,CHN,2008.0,1.55,Asia
415602599,123343.0,168081.4,224510.4,326968.8,170313.6,1013217.2,"China, Haimen County",China,38.4,103.0,882.6,4154.6,5853.8,11032.4,0.010888484719761962,China,CHN,2008.0,1.55,Asia
415603099,848180.0,1414700.0,1704740.0,2144280.0,924300.0,7036200.0,"China, Hong Kong",China,351.6,1040.6,6481.0,29740.6,40237.2,77853.0,0.011064637162104545,China,CHN,2008.0,1.55,Asia
415603199,116840.4,159377.2,252250.6,168895.4,66051.0,763414.6,"China, Benxi",China,5.4,44.0,484.6,2588.0,2581.0,5703.0,0.007470383720720039,China,CHN,2008.0,1.55,Asia
415603299,78143.4,103432.6,125129.6,129405.2,47145.0,483255.8,"China, Jianhu County",China,13.2,24.6,218.2,1652.2,2320.8,4229.0,0.008751058962975716,China,CHN,2008.0,1.55,Asia
415605199,189498.0,272682.4,245923.6,247697.4,83530.8,1039332.2,"China, Guanyun",China,46.2,124.0,554.6,2660.8,2656.2,6041.8,0.005813155793691373,China,CHN,2008.0,1.55,Asia
415605399,178075.8,397789.2,347924.0,271729.2,116647.0,1312165.2,"China, Hefei",China,53.4,164.6,809.8,3455.8,5360.4,9844.0,0.007502104155787701,China,CHN,2008.0,1.55,Asia
415605499,119306.2,134908.8,134989.0,142647.6,52055.6,583907.2,"China, Hengdong",China,42.8,86.8,527.0,1703.0,1045.2,3404.8,0.0058310635662653255,China,CHN,2008.0,1.55,Asia
415605799,134129.6,165017.0,156965.8,187346.6,82892.6,726351.6,"China, Huaiyin District, Huai'an",China,17.4,63.0,471.0,2277.6,2735.4,5564.4,0.007660752726365578,China,CHN,2008.0,1.55,Asia
415606099,56900.4,85069.6,104514.2,98955.4,34673.2,380112.8,"China, Jiangmen",China,24.6,75.2,459.2,1438.4,1119.6,3117.0,0.008200197415083103,China,CHN,2008.0,1.55,Asia
415606899,170867.2,198507.2,226617.0,239043.0,92959.2,927993.6,"China, Lianyungang",China,33.6,100.8,600.2,2602.6,2801.2,6138.4,0.006614700791039938,China,CHN,2008.0,1.55,Asia
415607199,124327.6,195598.2,235967.0,206186.2,69605.4,831684.4,"China, Liuzhou",China,28.0,106.6,720.6,2760.4,2572.4,6188.0,0.007440322314570287,China,CHN,2008.0,1.55,Asia
415607599,95442.2,137138.0,195318.6,150629.4,56509.4,635037.6,"China, Maanshan",China,10.8,52.8,471.2,2029.2,2871.2,5435.2,0.008558863286205415,China,CHN,2008.0,1.55,Asia
415608399,338969.4,745051.4,901187.4,1181956.8,448910.4,3616075.4,"China, Shenyang",China,71.4,361.4,2146.4,13498.8,15645.8,31723.8,0.008772991846353646,China,CHN,2008.0,1.55,Asia
415608499,140411.2,187666.6,250036.0,272969.2,118089.6,969172.6,"China, Sheyang",China,28.8,96.8,715.4,3829.4,4394.0,9064.4,0.009352720041817112,China,CHN,2008.0,1.55,Asia
415608899,70655.2,96611.6,137857.6,105964.6,34956.4,446045.4,"China, Tongling City",China,15.0,31.8,324.4,1343.6,2131.4,3846.2,0.0086228890601719,China,CHN,2008.0,1.55,Asia
415609299,145398.4,288752.0,348471.4,454514.6,196251.0,1433387.4,"China, Wuxi",China,33.0,188.6,1063.6,5538.6,6832.6,13656.4,0.009527361549292257,China,CHN,2008.0,1.55,Asia
415609399,57310.8,54029.6,77170.8,80569.0,29583.8,298664.0,"China, Xianju",China,16.8,34.0,230.4,1112.8,1482.2,2876.2,0.009630219912677792,China,CHN,2008.0,1.55,Asia
415609699,99918.0,121698.0,136176.8,111993.0,49054.8,518840.6,"China, Xiping",China,19.2,52.8,332.8,1493.2,1476.0,3374.0,0.006502960639549025,China,CHN,2008.0,1.55,Asia
415609999,84158.6,85523.2,84279.2,82638.4,30848.2,367447.6,"China, Yanshi",China,18.6,41.8,201.2,1048.6,1183.8,2494.0,0.006787362334112402,China,CHN,2008.0,1.55,Asia
415610299,86468.2,114575.8,123730.6,76206.6,21513.6,422494.8,"China, Yueyanglou",China,18.0,34.0,365.8,1100.2,1013.4,2531.4,0.005991553032131993,China,CHN,2008.0,1.55,Asia
415610599,95209.4,158929.4,188991.6,138637.6,42325.4,624093.4,"China, Zhuhai",China,43.8,136.4,773.2,2029.6,1609.6,4592.6,0.007358834430872046,China,CHN,2008.0,1.55,Asia
435600199,397652.4,340835.8,256419.0,193178.0,67528.0,1255613.2,"India, Ahmedabad",India,63.6,100.4,454.2,998.4,435.6,2054.0,0.0016358540990171178,India,IND,2008.0,0.14,Asia
435600299,1819551.4,2510702.0,1969787.8,1237094.2,367315.2,7904450.6,"India, Bangalore",India,453.6,871.4,3121.4,10425.0,7468.6,22351.8,0.002827748711592935,India,IND,2008.0,0.14,Asia
435600399,3090309.2,4201407.6,3171213.2,2225571.6,696724.0,13385225.6,"India, Mumbai",India,696.2,1464.6,5091.8,15699.6,13053.2,36036.6,0.0026922669125576783,India,IND,2008.0,0.14,Asia
435600499,1003246.2,1279792.8,1155954.8,899908.4,287151.8,4626054.0,"India, Chennai",India,385.2,615.4,2339.0,7921.4,5185.4,16446.4,0.0035551681843748475,India,IND,2008.0,0.14,Asia
435600699,1147555.4,1445904.6,980447.8,671033.8,223602.8,4468544.4,"India, Poona",India,116.0,286.8,1090.0,3232.2,2600.2,7368.4,0.001648948592745324,India,IND,2008.0,0.14,Asia
435600799,140134.6,131827.2,94433.0,77949.8,45771.8,490116.4,"India; Barshi, Paranda, and Bhum",India,20.4,36.4,128.6,316.6,349.4,851.4,0.0017371383614178182,India,IND,2008.0,0.14,Asia
435600899,261148.6,277015.6,285284.4,265135.6,100141.8,1188726.0,"India, Trivandrum",India,80.2,174.0,628.6,2379.0,1860.0,5121.8,0.004308646399590822,India,IND,2008.0,0.14,Asia
435601199,501731.6,575604.0,503130.6,414342.6,148583.4,2143392.2,"India, Dindigul, Ambilikkai",India,73.0,153.6,685.6,2083.0,912.6,3907.8,0.001823184762919264,India,IND,2008.0,0.14,Asia
435601499,519621.8,585016.2,414647.2,278890.6,87558.6,1885734.4,"India, Bhopal",India,109.4,235.4,825.4,2146.4,1240.8,4559.0,0.002417625727143759,India,IND,2008.0,0.14,Asia
435601599,210912.2,274405.8,244540.4,169412.8,40552.4,939823.6,"India, Kamrup Urban District",India,46.8,127.6,587.0,1736.0,1135.6,3633.6,0.0038662574551224294,India,IND,2008.0,0.14,Asia
435601899,167780.6,196856.4,130648.0,83656.0,26807.8,605748.8,"India, Sikkim State",India,31.8,66.4,190.8,501.2,483.2,1274.0,0.0021031820450985624,India,IND,2008.0,0.14,Asia
435601999,353126.4,320765.8,215294.4,149748.8,43424.2,1082359.6,"India, Mizoram",India,58.6,118.2,545.4,1941.8,1311.8,3976.8,0.0036741947870190276,India,IND,2008.0,0.14,Asia
435602099,180605.0,214396.4,176330.4,143477.4,66977.4,781786.6,"India, Wardha",India,30.8,84.6,277.8,636.4,415.2,1444.8,0.0018480746536203101,India,IND,2008.0,0.14,Asia
435602199,586374.6,602111.4,600037.0,612769.6,230694.2,2631986.8,"India, Kollam",India,160.2,361.4,1314.4,4696.6,3495.0,10051.6,0.003819016113606649,India,IND,2008.0,0.14,Asia
435602299,609694.8,649227.2,486378.0,353038.4,116344.2,2214682.6,"India, Tripura",India,71.4,124.4,560.8,1781.0,1030.2,3569.6,0.0016117885244594417,India,IND,2008.0,0.14,Asia
435602599,555607.0,483705.0,351261.4,250171.6,75290.8,1716035.8,"India, Cachar",India,64.6,179.6,758.6,2132.0,1090.2,4225.6,0.002462419490315995,India,IND,2008.0,0.14,Asia
436400399,345180.0,487510.0,297239.2,188040.6,59384.4,1377354.2,Iran,Iran,101.0,345.4,784.2,1924.4,1677.8,4832.8,0.0035087561354951403,Iran,IRN,2008.0,0.0,NA
437600099,2140368.6,1748983.0,1497914.8,1473517.8,758024.2,7618808.4,Israel,Israel,989.2,1851.4,5732.4,27327.2,41730.2,77630.4,0.010189309918858176,Israel,ISR,2008.0,1.02,NA
439200199,387762.0,435588.2,586081.0,763766.6,686585.4,2859783.2,"Japan, Hiroshima Prefecture",Japan,138.6,352.2,2328.4,16194.4,42902.4,61916.0,0.0216505922546856,Japan,JPN,2008.0,1.48,Asia
439200299,187405.8,242743.6,285185.4,385506.2,310151.4,1410992.4,"Japan, Miyagi Prefecture",Japan,61.2,154.2,970.2,7166.6,18152.6,26504.8,0.018784509399200167,Japan,JPN,2008.0,1.48,Asia
439200399,193872.8,199589.8,251707.4,408606.8,371851.8,1425628.6,"Japan, Nagasaki Prefecture",Japan,55.4,153.6,994.4,8126.0,22598.4,31927.8,0.02239559447671013,Japan,JPN,2008.0,1.48,Asia
439200499,1165200.8,1404212.6,1955739.8,2288120.8,1962748.0,8865249.4,"Japan, Osaka Prefecture",Japan,450.0,839.8,6402.6,42573.2,114021.2,164286.8,0.01853154858790549,Japan,JPN,2008.0,1.48,Asia
439200699,149964.6,161037.6,203943.0,330781.6,322302.2,1168029.0,"Japan, Yamagata Prefecture",Japan,51.0,127.6,792.6,6332.0,19669.0,26972.2,0.023092063638830887,Japan,JPN,2008.0,1.48,Asia
439200899,301996.2,336191.6,446699.2,663439.8,624406.6,2372733.4,"Japan, Niigata Prefecture",Japan,105.0,245.0,1688.8,12909.2,36084.4,51032.4,0.021507852504626102,Japan,JPN,2008.0,1.48,Asia
439200999,112348.4,116007.6,153997.8,220285.0,203050.0,805688.8,"Japan, Fukui Prefecture",Japan,42.0,86.4,572.2,4163.6,11946.0,16810.2,0.020864383369856947,Japan,JPN,2008.0,1.48,Asia
439201099,1066483.6,1247917.8,1694435.0,1894313.0,1503317.8,7406467.2,"Japan, Aichi Prefecture",Japan,342.4,736.6,5303.4,31984.8,81419.2,119786.4,0.016173216834066313,Japan,JPN,2008.0,1.48,Asia
439201199,270167.0,305243.2,418828.0,568383.8,443513.4,2006135.4,"Japan, Tochigi Prefecture",Japan,99.6,224.4,1435.2,9787.4,25023.4,36570.0,0.018229078655408803,Japan,JPN,2008.0,1.48,Asia
440000099,2279527.2,1864538.2,1156256.8,613386.8,202289.0,6115998.0,Jordan: Jordanians,Jordan,644.6,955.4,2495.8,5523.4,4353.4,14005.6,0.0022899942086311996,Jordan,JOR,2008.0,0.19,NA
441000099,8153925.8,10421520.4,12738486.6,13212182.8,5353496.6,49879612.2,Sounth Korea,Sounth Korea,3511.0,13134.2,84018.2,261910.2,253433.8,616007.4,0.01234988350611114,,,,,Asia
441000299,486008.4,753545.4,832602.0,1076116.6,388083.2,3536355.6,"Republic of Korea, Busan",Sounth Korea,186.8,904.0,5052.6,21745.6,18657.8,46546.8,0.013162364101619193,,,,,Asia
441000399,1462344.6,2265928.4,2723882.8,2744794.8,954226.2,10151176.8,"Republic of Korea, Seoul",Sounth Korea,667.8,3189.4,18649.4,55815.2,45494.4,123816.2,0.012197226236863493,,,,,Asia
441000499,401515.2,534270.8,623213.2,684341.2,245473.0,2488813.4,"Republic of Korea, Daegu",Sounth Korea,174.0,761.4,4872.4,14524.2,11877.0,32209.0,0.012941508592006134,,,,,Asia
441000599,265669.8,330941.4,389234.6,377984.8,127044.2,1490874.8,"Republic of Korea, Daejeon",Sounth Korea,117.4,447.2,3002.4,7822.4,6094.4,17483.8,0.011727208750191497,,,,,Asia
441000899,201350.6,244857.6,298539.8,299084.2,74928.6,1118760.8,"Republic of Korea, Ulsan",Sounth Korea,82.2,320.4,2036.0,5856.0,3657.0,11951.6,0.010682891284714302,,,,,Asia
441000999,105447.6,111045.6,139310.8,141976.8,68031.4,565812.2,"Republic of Korea, Jejudo",Sounth Korea,49.6,137.0,793.8,2641.6,2865.0,6487.0,0.011464934831733923,,,,,Asia
441001099,272419.2,322952.8,369647.4,346215.2,127106.2,1438340.8,"Republic of Korea, Gwangju",Sounth Korea,121.0,436.0,2687.4,7084.0,6014.0,16342.4,0.01136198041521175,,,,,Asia
441001199,456126.8,597425.2,719972.6,723459.6,231589.0,2728573.2,"Republic of Korea, Incheon",Sounth Korea,196.6,688.0,4246.2,13686.6,10769.2,29586.6,0.01084324950490608,,,,,Asia
441400099,752589.4,997630.0,1251541.4,551803.6,64127.8,3617692.2,Kuwait,Kuwait,254.4,456.8,1327.4,2721.6,1458.4,6218.6,0.0017189411525944634,Kuwait,KWT,2008.0,0.02,NA
445800220,80660.0,91960.0,93220.0,97780.0,35600.0,399220.0,"Malaysia, Penang: Chinese",Malaysia,34.6,57.2,302.0,1211.0,1201.2,2806.0,0.007028705976654477,Malaysia,MYS,2008.0,0.37,Asia
445800227,112600.0,110480.0,80060.0,59440.0,16240.0,378820.0,"Malaysia, Penang: Malay",Malaysia,62.4,73.8,140.8,456.0,248.0,981.0,0.0025896204001900638,Malaysia,MYS,2008.0,0.37,Asia
445800240,24540.0,23380.0,20740.0,20020.0,4440.0,93120.0,"Malaysia, Penang: Indian",Malaysia,10.8,7.8,34.0,167.8,123.0,343.4,0.0036877147766323022,Malaysia,MYS,2008.0,0.37,Asia
445800299,218880.0,226440.0,194800.0,177800.0,56720.0,874640.0,"Malaysia, Penang",Malaysia,109.0,142.4,481.0,1854.2,1591.6,4178.2,0.004777051129607609,Malaysia,MYS,2008.0,0.37,Asia
460800299,1851362.0,1997034.0,1406292.0,1069369.0,237428.0,6561485.0,"Philippines, Manila",Philippines,688.4,1140.6,3679.8,10829.4,7329.0,23790.6,0.0036257950753526068,Philippines,PHL,2008.0,1.24,Asia
460800399,2210889.0,2158463.0,1681514.0,1167581.0,251212.0,7469659.0,"Philippines, Rizal",Philippines,685.0,1076.2,3756.0,11287.4,7123.6,23936.4,0.003204483631715986,Philippines,PHL,2008.0,1.24,Asia
463400068,103375.2,65876.4,43024.2,29197.2,8291.8,249764.8,Qatar: Qatari,Qatar,19.2,43.0,110.4,282.6,228.2,683.4,0.0027361741926804736,Qatar,QAT,2008.0,0.36,NA
468200158,1342717.4,1215764.8,932585.6,629014.2,151180.2,4271262.2,"Saudi Arabia, Riyadh: Saudi",Saudi Arabia,578.6,902.4,1542.0,3192.6,2675.4,8891.0,0.0020815860941526838,Saudi Arabia,SAU,2008.0,0.0,NA
470400299,1149051.2,2023776.6,1529025.8,1037710.8,289093.0,6028657.4,"Viet Nam, Ho Chi Minh City",Vietnam,415.4,719.8,2692.4,8531.8,4817.8,17177.2,0.0028492579458902407,Vietnam,VNM,2008.0,1.44,Asia
476400199,261083.8,353740.8,344292.4,440084.6,143452.8,1542654.4,"Thailand, Chiang Mai",Thailand,106.0,236.4,1095.6,4713.6,3959.8,10111.4,0.006554546501147633,Thailand,THA,2008.0,1.89,Asia
476400299,340899.0,368709.2,401529.8,450431.0,161289.6,1722858.6,"Thailand, Khon Kaen",Thailand,113.2,189.0,977.2,3937.0,3358.8,8575.2,0.0049773092231713036,Thailand,THA,2008.0,1.89,Asia
476400399,624565.2,1246865.0,1353404.2,997820.2,296996.2,4519650.8,"Thailand, Bangkok",Thailand,232.0,530.2,2439.0,9538.6,8463.2,21203.0,0.00469129163695567,Thailand,THA,2008.0,1.89,Asia
476400499,311561.4,363108.8,348437.0,308531.8,121623.8,1453262.8,"Thailand, Songkhla",Thailand,88.6,172.8,784.2,2438.8,2433.2,5917.6,0.004071940739142295,Thailand,THA,2008.0,1.89,Asia
476400599,120729.0,122465.0,159349.4,242547.0,93140.0,738230.4,"Thailand, Lampang",Thailand,48.6,86.8,449.0,2293.2,2421.6,5299.2,0.007178246791245659,Thailand,THA,2008.0,1.89,Asia
476400799,121248.2,135017.4,142245.0,150868.8,57731.0,607110.4,"Thailand, Lopburi Province",Thailand,42.4,101.8,480.4,1797.0,1529.4,3951.0,0.006507877315229652,Thailand,THA,2008.0,1.89,Asia
476400899,214819.0,234311.6,284132.4,218521.8,68760.0,1020544.8,"Thailand, Chonburi",Thailand,76.8,242.4,1062.6,2457.4,1858.2,5697.4,0.0055827044535428525,Thailand,THA,2008.0,1.89,Asia
479200199,780734.0,953942.6,948354.0,898317.0,335417.4,3916765.0,"Turkey, Izmir",Turkey,364.4,909.4,3632.2,15142.4,15019.4,35095.0,0.008960200573687724,Turkey,TUR,2008.0,0.85,NA
479200299,470025.8,471218.6,509110.8,400212.8,128103.2,1978671.2,"Turkey, Antalya",Turkey,213.8,383.4,1465.2,5212.6,4859.4,12134.4,0.006132600504823641,Turkey,TUR,2008.0,0.85,NA
479200399,295367.6,303412.8,267105.2,271292.2,110801.6,1247979.4,"Turkey, Samsun",Turkey,126.0,217.2,870.2,3827.8,3945.6,8986.8,0.00720108040244895,Turkey,TUR,2008.0,0.85,NA
479200499,592013.2,637019.0,632721.6,546449.4,192676.8,2600880.0,"Turkey, Bursa",Turkey,239.2,448.2,1770.2,7550.2,7011.4,17021.6,0.0065445541509027705,Turkey,TUR,2008.0,0.85,NA
479200599,138465.4,131422.4,89841.2,72784.6,33111.8,465625.4,"Turkey, Erzurum",Turkey,63.0,123.6,332.6,1138.0,1289.8,2947.0,0.006329122079680361,Turkey,TUR,2008.0,0.85,NA
479200699,144294.0,194215.4,176969.2,178645.0,72425.8,766549.4,"Turkey, Eskisehir",Turkey,65.6,163.8,687.2,2951.0,2851.6,6719.2,0.008765514655676463,Turkey,TUR,2008.0,0.85,NA
479200799,66597.4,93585.8,86259.0,105212.6,44257.0,395911.8,"Turkey, Edirne",Turkey,25.6,58.8,284.0,1659.4,1586.0,3613.8,0.0091277905836603,Turkey,TUR,2008.0,0.85,NA
479200899,168543.0,191807.2,160883.6,161682.8,75698.2,758614.8,"Turkey, Trabzon",Turkey,69.6,170.8,617.0,2444.4,3105.8,6413.2,0.008453829268819959,Turkey,TUR,2008.0,0.85,NA
504000099,1242177.8,1570187.8,1820801.4,2260183.4,1474437.2,8367787.6,Austria,Austria,552.6,1666.8,6745.8,38611.2,69033.6,116610.0,0.013935583164180698,Austria,AUT,2008.0,6.4,Eastern Europe
505600099,1835484.0,2002990.6,2243595.0,2902555.4,1864788.0,10849413.0,Belgium,Belgium,903.4,2725.6,12276.6,76408.6,137359.2,229673.4,0.021169200582556863,Belgium,BEL,2008.0,5.04,Western Europe
510000099,1007646.6,1424260.8,1625953.2,2074335.4,1347210.2,7479406.2,Bulgaria,Bulgaria,380.8,1199.2,6327.0,39193.0,54421.0,101521.0,0.013573403728226446,Bulgaria,BGR,2008.0,4.41,Eastern Europe
511200099,1418105.4,2122244.6,2010750.4,2609072.4,1332427.2,9492600.0,Belarus,Belarus,625.6,2124.2,8004.4,49197.0,57786.8,117738.0,0.012403135073636306,Belarus,BLR,2008.0,2.54,Eastern Europe
519100099,663073.2,828916.6,890425.0,1209290.2,762688.4,4365909.4,Croatia,Croatia,331.2,912.4,3500.0,23647.4,38175.8,66566.8,0.015246949467160266,Croatia,HRV,2008.0,5.01,Eastern Europe
519600099,141382.2,203144.2,181383.6,204149.4,106682.6,836742.0,Cyprus,Cyprus,48.6,273.6,785.4,3251.4,5008.2,9367.2,0.011194848591322058,Cyprus,CYP,2008.0,3.89,NA
520300099,1511264.0,2032140.0,2465401.6,2853203.4,1626868.8,10488877.8,Czech Republic,Czechia,564.4,2083.0,9559.6,68952.0,114380.0,195539.0,0.018642509115703493,Czechia,CZE,2008.0,7.15,Eastern Europe
520800099,996485.0,993666.8,1141618.2,1487160.2,922314.4,5541244.6,Denmark,Denmark,429.8,1444.6,6946.2,41811.0,76622.8,127254.4,0.022964949065774863,Denmark,DNK,2008.0,4.51,Western Europe
523300099,202725.2,271608.8,273875.0,348882.0,233552.0,1330643.0,Estonia,Estonia,82.0,263.8,1004.8,7236.4,13722.0,22309.0,0.016765578746515783,Estonia,EST,2008.0,6.02,Eastern Europe
525000199,156848.4,178742.6,184535.0,230373.8,133328.4,883828.2,"France, Bas-Rhin",France,66.0,208.0,797.8,5093.8,7922.6,14088.2,0.015939975664953893,France,FRA,2008.0,2.2,Western Europe
525000299,126885.8,131967.0,129857.6,181359.6,116667.6,686737.6,"France, Calvados",France,56.4,137.2,613.2,4518.2,7282.8,12607.8,0.01835897728622985,France,FRA,2008.0,2.2,Western Europe
525000399,98626.4,106735.2,104388.4,134152.0,85645.2,529547.2,"France, Doubs",France,51.0,130.2,454.2,3107.8,5064.8,8808.0,0.01663307822230011,France,FRA,2008.0,2.2,Western Europe
525000499,137970.4,133853.6,155211.0,203542.4,121851.6,752429.0,"France, Haut-Rhin",France,51.8,171.4,818.4,5221.8,9173.4,15436.8,0.020515955658274732,France,FRA,2008.0,2.2,Western Europe
525000599,238463.0,240457.4,251015.8,305136.0,184995.6,1220067.8,"France, Isère",France,121.6,285.8,1285.8,6997.0,10570.6,19260.8,0.01578666365918353,France,FRA,2008.0,2.2,Western Europe
525000699,105865.0,113130.6,111366.2,148877.8,93233.6,572473.2,"France, Somme",France,39.4,122.8,511.6,3574.2,5110.4,9358.4,0.01634731547258457,France,FRA,2008.0,2.2,Western Europe
525000799,64193.0,57596.6,70437.6,104902.2,83374.8,380504.2,"France, Tarn",France,30.6,64.2,343.8,2237.8,4484.2,7160.6,0.018818714747432488,France,FRA,2008.0,2.2,Western Europe
525000899,178222.4,206914.0,199013.6,270223.8,192527.8,1046901.6,"France, Hérault",France,88.8,224.4,999.0,6273.4,10419.6,18005.2,0.017198560017483974,France,FRA,2008.0,2.2,Western Europe
525000999,47115.8,53067.2,55569.8,83395.8,63698.6,302847.2,"France, Limousin",France,20.4,57.4,254.4,1885.2,3573.0,5790.4,0.019119872992056718,France,FRA,2008.0,2.2,Western Europe
525001099,251357.6,286049.6,295269.8,382163.0,241718.2,1456558.2,"France, Gironde",France,109.2,301.8,1512.8,9115.4,13379.4,24418.6,0.01676458929001258,France,FRA,2008.0,2.2,Western Europe
525001199,26469.8,28403.2,28545.6,37118.2,22934.2,143471.0,"France, Territoire de Belfort",France,10.2,28.6,118.2,864.2,1377.4,2398.6,0.016718361201915367,France,FRA,2008.0,2.2,Western Europe
525001499,252677.2,250015.8,262900.0,329059.6,200035.6,1294688.2,"France, Loire-Atlantique",France,99.0,271.4,1298.2,8136.4,11415.4,21220.4,0.01639035560840054,France,FRA,2008.0,2.2,Western Europe
525001699,71404.6,63628.8,73391.0,109627.8,81641.2,399693.4,"France, Manche",France,33.4,60.8,315.0,2470.8,4390.2,7270.2,0.01818944220745201,France,FRA,2008.0,2.2,Western Europe
525001799,117410.0,99860.2,121291.0,172885.2,126287.4,637733.8,"France, Vendée",France,49.6,137.0,588.0,4191.0,6713.0,11678.6,0.018312656472026415,France,FRA,2008.0,2.2,Western Europe
525001899,157019.8,193794.4,175680.2,179392.6,94054.8,799941.8,"France, Lille-Métropole",France,68.4,228.6,785.4,4808.4,5964.4,11855.2,0.01482007816068619,France,FRA,2008.0,2.2,Western Europe
527600299,228711.8,332793.4,426278.8,451152.4,333579.6,1772516.0,"Germany, Hamburg",Germany,112.2,394.2,1762.8,9727.8,20854.2,32851.2,0.018533654985342866,Germany,DEU,2008.0,6.14,Western Europe
527600399,1752262.8,2218734.2,2626162.4,3470784.8,2438516.0,12506460.2,"Germany, Bavaria",Germany,792.6,2485.0,10990.8,64524.4,135929.6,214722.4,0.017168918828046966,Germany,DEU,2008.0,6.14,Western Europe
527600599,649319.0,810822.4,1013648.2,1238062.6,868791.0,4580643.2,"Germany, Munich",Germany,284.4,865.8,4055.0,22056.6,48110.0,75371.8,0.016454414087523777,Germany,DEU,2008.0,6.14,Western Europe
527600699,1128010.4,1348364.0,1590104.2,2217423.0,1646482.0,7930383.6,"Germany, Lower Saxony",Germany,508.6,1740.4,8444.0,52491.2,122760.4,185944.6,0.023447112949239936,Germany,DEU,2008.0,6.14,Western Europe
527600999,551327.8,698360.6,796588.0,1147223.0,822590.0,4016089.4,"Germany, Rhineland-Palatinate",Germany,249.0,766.0,3977.6,26413.2,61660.6,93066.4,0.023173388520683826,Germany,DEU,2008.0,6.14,Western Europe
527601199,2462039.4,3101366.6,3555337.0,5028051.2,3603255.4,17750049.6,"Germany, North Rhine-Westphalia",Germany,1293.2,4201.8,20289.8,125496.2,294824.6,446105.6,0.0251326396293563,Germany,DEU,2008.0,6.14,Western Europe
527601299,82545.0,122741.2,135661.0,178490.6,141599.4,661037.2,"Germany, Bremen",Germany,32.4,139.0,622.8,4289.2,10939.2,16022.6,0.02423857537820867,Germany,DEU,2008.0,6.14,Western Europe
527601699,392151.6,459282.8,559444.0,798824.6,612165.6,2821868.6,"Germany, Schleswig-Holstein",Germany,179.4,560.2,3050.2,19925.6,48214.8,71930.2,0.0254902726512496,Germany,DEU,2008.0,6.14,Western Europe
527603099,123140.0,171442.2,190781.4,308644.4,224134.8,1018142.8,"Germany, Saarland",Germany,50.4,184.8,964.8,7019.8,13814.8,22034.6,0.02164195435060779,Germany,DEU,2008.0,6.14,Western Europe
535200099,66424.0,70824.0,66004.4,77285.8,38733.8,319272.0,Iceland,Iceland,25.6,85.6,331.2,1623.4,2899.2,4965.0,0.01555100353303766,Iceland,ISL,2008.0,4.65,Western Europe
537200099,956040.6,992522.4,1064258.8,1019211.6,515865.6,4547899.0,Ireland,Ireland,405.4,1168.6,5058.6,26069.4,44251.6,76953.6,0.016920692390046482,Ireland,IRL,2008.0,6.31,Western Europe
538000199,94885.8,97308.0,167695.2,194273.8,168217.4,722380.2,"Italy, Florence and Prato",Italy,62.6,182.8,1003.6,4672.0,11188.4,17109.4,0.023684757694078552,Italy,ITA,2008.0,1.71,Western Europe
538000399,78921.6,94913.0,129759.2,147723.4,98503.4,549820.6,"Italy, Latina",Italy,35.4,148.6,678.6,2875.0,5551.0,9288.6,0.016893874110937276,Italy,ITA,2008.0,1.71,Western Europe
538000499,119916.4,126248.8,204357.4,234034.8,179015.6,863573.0,"Italy, Varese",Italy,64.0,178.4,985.0,5170.8,11995.0,18393.2,0.021298952144173103,Italy,ITA,2008.0,1.71,Western Europe
538000599,55496.8,58143.8,99487.4,114257.6,98141.6,425527.2,"Italy, Parma",Italy,27.6,108.0,560.4,2657.2,7036.0,10389.2,0.02441489051698693,Italy,ITA,2008.0,1.71,Western Europe
538000699,91749.8,110728.6,126147.2,145408.2,107650.4,581684.2,"Italy, Ragusa and Caltanissetta",Italy,45.6,139.8,580.2,2613.0,5707.4,9086.0,0.015620159529861738,Italy,ITA,2008.0,1.71,Western Europe
538000799,162338.4,168216.2,291784.8,331286.0,274331.0,1227956.4,"Italy, Romagna",Italy,76.8,292.0,1879.6,8439.4,21479.8,32167.6,0.0261960440940737,Italy,ITA,2008.0,1.71,Western Europe
538000899,293085.2,308123.4,508791.0,624377.6,509528.0,2243905.2,"Italy, Turin",Italy,134.4,415.0,2310.2,12443.4,29097.0,44400.0,0.019786932175209538,Italy,ITA,2008.0,1.71,Western Europe
538001099,95956.8,95454.0,162090.4,181656.2,143490.6,678648.0,"Italy, Modena",Italy,49.2,151.4,975.2,4655.6,10200.0,16031.4,0.023622555433744738,Italy,ITA,2008.0,1.71,Western Europe
538001299,31174.8,34223.8,64486.8,84157.2,73282.4,287325.0,"Italy, Ferrara",Italy,12.0,55.2,382.0,2146.8,5901.4,8497.4,0.02957417558513878,Italy,ITA,2008.0,1.71,Western Europe
538001399,213778.2,221079.2,366802.8,417891.4,318809.2,1538360.8,"Italy, Veneto",Italy,93.0,330.4,2071.2,10022.2,22427.4,34944.2,0.022715217392434855,Italy,ITA,2008.0,1.71,Western Europe
538001499,90301.6,103401.4,156008.8,186916.4,164489.8,701118.0,"Italy, Umbria",Italy,55.8,163.2,834.2,4102.0,10925.8,16081.0,0.022936224715383147,Italy,ITA,2008.0,1.71,Western Europe
538001599,49948.2,63603.6,94160.8,109816.8,73843.0,391372.4,"Italy, Sassari",Italy,22.0,90.0,501.4,2208.4,4304.0,7125.8,0.018207211341423155,Italy,ITA,2008.0,1.71,Western Europe
538001699,103189.0,116211.8,132892.2,140239.4,72718.4,565250.8,"Italy, Naples",Italy,55.8,196.6,657.2,2789.4,4351.2,8050.2,0.014241819737362599,Italy,ITA,2008.0,1.71,Western Europe
538001799,21881.6,23774.2,38889.0,52842.8,47227.2,184614.8,"Italy, Biella",Italy,4.2,31.2,184.4,1214.8,3268.0,4702.6,0.02547249732957488,Italy,ITA,2008.0,1.71,Western Europe
538001899,92227.0,99647.6,170304.4,207447.2,172351.8,741978.0,"Italy, Friuli-Venezia Giulia",Italy,44.4,144.8,974.0,5040.4,12407.0,18610.6,0.02508241484248859,Italy,ITA,2008.0,1.71,Western Europe
538001999,47668.2,47492.0,71931.4,81890.0,59484.8,308466.4,"Italy, Trento",Italy,22.2,64.4,354.4,1688.0,3632.2,5761.2,0.018676912623222495,Italy,ITA,2008.0,1.71,Western Europe
538002199,32416.6,34289.8,58738.0,63670.0,52526.8,241641.2,"Italy, Mantua",Italy,14.4,52.8,282.6,1403.8,3124.2,4877.8,0.020186127200162884,Italy,ITA,2008.0,1.71,Western Europe
538002399,80055.2,76873.8,130152.0,137267.0,104661.6,529009.6,"Italy, Reggio Emilia",Italy,41.4,121.0,738.8,3112.4,7048.0,11061.6,0.02091001751196954,Italy,ITA,2008.0,1.71,Western Europe
538002699,379161.2,370077.4,660447.2,751828.6,591238.2,2752752.6,"Italy, Milan",Italy,235.8,566.0,3407.0,16976.0,40638.4,61823.2,0.022458683718980046,Italy,ITA,2008.0,1.71,Western Europe
538002899,25393.2,28265.4,41348.2,50446.8,36559.6,182013.2,"Italy, Sondrio",Italy,13.2,32.4,189.8,1186.6,2672.6,4094.6,0.022496170607406493,Italy,ITA,2008.0,1.71,Western Europe
538002999,58626.8,73856.2,89604.8,104936.4,72549.0,399573.2,"Italy, Syracuse",Italy,24.0,92.6,419.6,1909.6,3899.8,6345.6,0.015880944968281158,Italy,ITA,2008.0,1.71,Western Europe
538003199,28551.2,37321.8,48032.6,59664.4,44160.8,217730.8,"Italy, Nuoro",Italy,13.2,60.2,254.2,1254.4,2520.6,4102.6,0.01884253399151613,Italy,ITA,2008.0,1.71,Western Europe
538003399,194710.6,237055.4,266883.4,321903.0,224757.4,1245309.8,"Italy, Palermo",Italy,104.2,305.0,1276.2,6175.8,12247.2,20108.4,0.016147307280485548,Italy,ITA,2008.0,1.71,Western Europe
538003499,50093.6,51541.2,70779.4,75507.8,53627.0,301549.0,"Italy, South Tyrol",Italy,19.8,52.2,280.2,1431.2,3312.4,5095.8,0.01689874614075988,Italy,ITA,2008.0,1.71,Western Europe
538003799,286899.8,361057.6,416854.8,494022.2,352031.4,1910865.8,"Italy, Catania, Messina and Enna",Italy,146.0,532.4,2228.6,9948.2,19530.2,32385.4,0.01694802429349042,Italy,ITA,2008.0,1.71,Western Europe
538003899,66055.4,69192.8,114444.4,125859.6,91939.0,467491.2,"Italy, Como",Italy,31.2,100.8,607.0,2834.4,6245.2,9818.6,0.02100274828702658,Italy,ITA,2008.0,1.71,Western Europe
538003999,28816.6,30226.8,48037.8,53873.6,39357.0,200311.8,"Italy, Lecco",Italy,14.4,35.4,246.4,1285.4,2893.8,4475.4,0.022342168559216183,Italy,ITA,2008.0,1.71,Western Europe
538004099,41082.8,43939.0,77796.6,90790.8,73561.2,327170.4,"Italy, Lombardy, South, Pavia",Italy,19.0,67.0,360.6,2002.4,5200.2,7649.2,0.023379865660218647,Italy,ITA,2008.0,1.71,Western Europe
538004199,52421.4,59379.0,73070.6,77975.4,49303.0,312149.4,"Italy, Barletta",Italy,30.0,86.6,386.2,1510.2,2993.0,5006.0,0.01603719244695008,Italy,ITA,2008.0,1.71,Western Europe
538004399,166974.8,170057.2,264365.2,288328.2,191878.4,1081603.8,"Italy, Bergamo",Italy,86.2,231.0,1318.2,6612.6,14002.4,22250.4,0.020571673287390447,Italy,ITA,2008.0,1.71,Western Europe
538004499,93748.6,110923.0,127249.0,130595.2,79888.8,542404.6,"Italy, Caserta",Italy,45.2,162.2,605.0,2584.2,4557.4,7954.0,0.014664329911656355,Italy,ITA,2008.0,1.71,Western Europe
538004599,28850.0,31810.6,50502.6,59337.4,46677.4,217178.0,"Italy, Cremona",Italy,10.8,41.0,216.2,1340.8,3208.4,4817.2,0.02218088388326626,Italy,ITA,2008.0,1.71,Western Europe
538004799,120736.0,121274.8,206968.0,227031.2,161354.8,837364.8,"Italy, Monza",Italy,56.4,159.6,1039.4,4782.6,10999.0,17037.0,0.02034597107497234,Italy,ITA,2008.0,1.71,Western Europe
538004899,28737.0,31443.2,52077.0,61916.2,55058.4,229231.8,"Italy, Piacenza",Italy,18.6,44.2,289.6,1408.2,3894.6,5655.2,0.02467022463724492,Italy,ITA,2008.0,1.71,Western Europe
538004999,68549.0,85638.4,104142.2,123535.8,86043.4,467908.8,"Italy, Taranto",Italy,37.8,139.0,560.2,2533.2,5160.0,8430.2,0.018016758821377158,Italy,ITA,2008.0,1.71,Western Europe
538005099,17576.4,17912.0,29934.2,35183.6,26545.8,127152.0,"Italy, Aosta Valley",Italy,8.8,21.2,133.0,831.0,1770.2,2764.2,0.021739335598338995,Italy,ITA,2008.0,1.71,Western Europe
542800099,176601.4,251172.8,249990.0,332015.0,228532.0,1238311.2,Latvia,Latvia,78.4,260.4,989.0,6530.4,11697.8,19556.0,0.015792476075480864,Latvia,LVA,2008.0,4.12,NA
544000099,463453.6,645066.8,627995.8,813277.0,545070.2,3094863.4,Lithuania,Lithuania,188.0,603.8,2787.8,18977.6,31004.6,53561.8,0.017306676604854354,Lithuania,LTU,2008.0,5.4,Eastern Europe
547000099,63158.2,87812.8,83147.6,117439.4,64187.0,415745.0,Malta,Malta,28.2,87.6,308.4,1973.4,3218.0,5615.6,0.013507318187831484,Malta,MLT,2008.0,2.66,NA
552800099,2909303.6,3030310.4,3453244.2,4626808.6,2588205.0,16607871.8,Netherlands,Netherlands,1231.0,3625.8,15670.2,99667.0,173988.0,294182.0,0.017713407445739075,Netherlands,NLD,2008.0,4.75,Western Europe
557800099,918512.8,946238.6,1045607.8,1245236.2,735924.2,4891519.6,Norway,Norway,401.6,1128.2,4417.0,25883.6,50555.0,82385.4,0.016842496143734148,Norway,NOR,2008.0,3.06,Western Europe
561601099,554297.2,794838.2,742094.8,921765.2,414504.6,3427500.0,Poland,Poland,244.0,679.4,2149.4,17140.6,19826.2,40039.6,0.011681867250182349,Poland,POL,2008.0,6.1,Eastern Europe
562000599,36327.0,43552.6,46097.0,46261.4,25266.2,197504.2,"Portugal, Azores",Portugal,11.4,56.4,198.8,1047.2,1552.6,2866.4,0.014513109088313058,Portugal,PRT,2008.0,3.56,Western Europe
564300399,97422.6,144118.2,141504.2,190264.4,82619.6,655929.0,"Russian Federation, Karelia",Russia,38.8,194.4,577.0,3451.0,3480.4,7741.6,0.011802496916587009,Russia,RUS,2008.0,4.64,Eastern Europe
564300499,440668.6,725788.2,694863.8,895034.4,432271.2,3188626.2,"Russian Federation, Samara",Russia,221.8,603.8,2503.2,17280.6,19629.4,40238.8,0.012619478570426348,Russia,RUS,2008.0,4.64,Eastern Europe
564300599,533625.0,807445.6,725329.8,955943.6,459955.0,3482299.0,"Russian Federation, Chelyabinsk",Russia,233.2,609.6,2440.2,17134.6,20045.6,40463.2,0.011619679987272775,Russia,RUS,2008.0,4.64,Eastern Europe
564300699,191832.4,277618.0,263690.4,352977.0,149737.0,1235854.8,"Russian Federation, Arkhangelsk",Russia,71.4,213.2,889.2,5958.4,6898.4,14030.6,0.011352951819259027,Russia,RUS,2008.0,4.64,Eastern Europe
570300099,501783.6,752229.8,742958.8,857466.6,396835.2,3251274.0,Slovakia,Slovakia,258.6,780.2,2937.4,19511.4,26519.2,50006.8,0.015380678466348885,Slovakia,SVK,2008.0,3.79,NA
570500099,288846.2,379827.0,458307.2,578373.4,339242.8,2044596.6,Slovenia,Slovenia,118.0,441.0,1968.8,12975.8,21424.2,36927.8,0.01806116668686625,Slovenia,SVN,2008.0,5.16,Eastern Europe
572400199,128391.4,140020.4,207068.4,195618.2,128170.2,799268.6,"Spain, Tarragona",Spain,59.6,173.2,873.0,4584.6,9425.2,15135.4,0.01893656275249647,Spain,ESP,2008.0,4.92,Western Europe
572400299,149343.8,177103.2,221079.2,220899.4,147106.8,915532.4,"Spain, Granada",Spain,71.8,204.6,940.6,4414.4,8549.0,14180.4,0.015488692699460991,Spain,ESP,2008.0,4.92,Western Europe
572400399,151941.8,177429.0,230183.4,191963.4,119794.6,871312.2,"Spain, Murcia",Spain,77.4,180.6,854.4,3523.2,6299.4,10935.0,0.012550036599969564,Spain,ESP,2008.0,4.92,Western Europe
572400499,56626.2,65448.4,95942.4,94274.4,65284.4,377575.8,"Spain, Navarra",Spain,30.4,72.4,470.0,2361.8,4572.2,7506.8,0.019881570799823507,Spain,ESP,2008.0,4.92,Western Europe
572400599,66356.0,97918.8,149677.4,181904.0,138816.6,634672.8,"Spain, Asturias",Spain,33.4,100.0,565.0,3794.8,7207.0,11700.6,0.018435641168173585,Spain,ESP,2008.0,4.92,Western Europe
572400699,290743.0,321008.6,527982.2,605661.2,424446.0,2169841.0,"Spain, Basque Country",Spain,129.4,346.8,2054.8,13433.4,23949.6,39914.0,0.018394896215897846,Spain,ESP,2008.0,4.92,Western Europe
572400899,113594.4,127421.2,182633.0,165657.0,97540.0,686845.6,"Spain, Mallorca",Spain,46.2,111.8,588.4,3215.8,5087.0,9054.6,0.013182875452649038,Spain,ESP,2008.0,4.92,Western Europe
572400999,36539.2,47047.6,58249.0,55057.2,42086.8,238979.8,"Spain, Albacete",Spain,18.0,39.4,175.4,873.4,1921.0,3027.2,0.012667179401773707,Spain,ESP,2008.0,4.92,Western Europe
572401099,118934.6,130576.6,191829.0,184042.0,117139.2,742521.4,"Spain, Girona",Spain,51.6,142.2,766.2,3832.0,7734.4,12532.4,0.016878166743746374,Spain,ESP,2008.0,4.92,Western Europe
572401199,203753.2,269394.0,380552.8,351094.4,191417.2,1396211.6,"Spain, Canary Islands",Spain,69.6,210.6,1250.0,6144.8,9186.8,16861.8,0.012076822739475877,Spain,ESP,2008.0,4.92,Western Europe
572401399,22769.6,31421.4,38612.4,40625.4,39330.6,172759.4,"Spain, Cuenca",Spain,7.8,35.0,142.4,619.4,1780.2,2584.8,0.014961848675093802,Spain,ESP,2008.0,4.92,Western Europe
572401499,46393.0,53642.2,79802.0,81209.8,58700.4,319747.4,"Spain, La Rioja",Spain,10.8,42.0,252.8,1520.8,3194.6,5021.0,0.015703020571863915,Spain,ESP,2008.0,4.92,Western Europe
572401599,90865.4,110781.0,158899.0,144205.0,97329.2,602079.6,"Spain, Castellón",Spain,34.8,80.4,487.0,2540.4,4709.0,7851.6,0.013040800585171796,Spain,ESP,2008.0,4.92,Western Europe
572401699,62798.4,83302.4,97652.0,98585.8,77284.0,419622.6,"Spain, Ciudad Real",Spain,20.4,90.8,359.4,1622.2,3676.8,5769.6,0.013749497762989888,Spain,ESP,2008.0,4.92,Western Europe
575600299,72792.4,84289.2,107750.8,117196.8,71618.2,453647.4,"Switzerland, Geneva",Switzerland,26.8,119.0,475.6,2522.8,5083.2,8227.4,0.0181361118789615,Switzerland,CHE,2008.0,3.31,Western Europe
575600399,27569.6,31280.4,36806.4,45218.0,31100.0,171974.4,"Switzerland, Neuchâtel",Switzerland,10.0,40.8,192.0,1071.8,2362.8,3677.4,0.02138341520598415,Switzerland,CHE,2008.0,3.31,Western Europe
575600499,86096.2,106745.2,115846.8,147749.8,88993.0,545431.0,"Switzerland, St Gall-Appenzell",Switzerland,35.8,144.2,453.4,2987.2,6006.4,9627.0,0.017650261902972145,Switzerland,CHE,2008.0,3.31,Western Europe
575600599,117316.8,135157.6,159509.0,183722.6,110666.0,706372.0,"Switzerland, Vaud",Switzerland,52.6,168.0,861.8,4606.0,9218.6,14907.0,0.021103611128413923,Switzerland,CHE,2008.0,3.31,Western Europe
575600699,200306.6,245041.4,330358.0,362944.4,222220.8,1360871.2,"Switzerland, Zurich",Switzerland,95.2,299.4,1399.6,6657.4,12584.4,21036.0,0.015457745009226443,Switzerland,CHE,2008.0,3.31,Western Europe
575600899,46785.2,60205.6,65375.0,86539.8,53508.6,312414.2,"Switzerland, Valais",Switzerland,20.4,75.2,301.6,2119.6,4305.6,6822.4,0.021837675752254537,Switzerland,CHE,2008.0,3.31,Western Europe
575601099,46446.6,52752.2,73579.0,94481.6,68901.4,336160.8,"Switzerland, Ticino",Switzerland,22.2,64.6,341.2,1783.0,3856.0,6067.0,0.018047910404782475,Switzerland,CHE,2008.0,3.31,Western Europe
575601199,32634.2,42339.6,49218.4,65704.2,40843.2,230739.6,"Switzerland, Graubünden and Glarus",Switzerland,12.0,51.4,191.4,1287.4,2632.2,4174.4,0.018091389601091443,Switzerland,CHE,2008.0,3.31,Western Europe
575601299,48327.0,54854.8,61555.2,73194.2,38494.6,276425.8,"Switzerland, Fribourg",Switzerland,27.0,77.4,314.4,1828.0,2990.4,5237.2,0.01894613310334998,Switzerland,CHE,2008.0,3.31,Western Europe
580400099,6497672.0,10225884.2,9680835.0,12216232.4,7177320.6,45797944.2,Ukraine,Ukraine,2719.8,8689.8,34749.6,204344.0,232599.6,483102.8,0.010548569557844912,Ukraine,UKR,2008.0,3.57,Eastern Europe
582600099,11060510.0,12480072.8,12989738.6,15930995.4,10305461.0,62766777.8,United Kingdom,United Kingdom,4366.8,13405.8,50823.8,294842.0,646662.6,1010101.0,0.01609292424120583,United Kingdom,GBR,2008.0,4.22,Western Europe
582600199,9330640.4,10482173.0,10978606.8,13259685.0,8600011.6,52651116.8,"UK, England",United Kingdom,3688.8,11119.2,41451.8,236780.4,516310.6,809350.8,0.015371958833739308,United Kingdom,GBR,2008.0,4.22,Western Europe
582600299,1018865.0,1104806.8,1113243.6,1393846.4,937508.0,5568269.8,"UK, England, West Midlands",United Kingdom,356.4,1126.8,4136.2,24835.0,54709.8,85164.2,0.015294553435611183,United Kingdom,GBR,2008.0,4.22,Western Europe
582600399,1235557.6,1405516.4,1401978.2,1811795.8,1166136.4,7020984.4,"UK, England, North West",United Kingdom,469.6,1616.6,5631.8,34003.6,73205.0,114926.6,0.016369015148360106,United Kingdom,GBR,2008.0,4.22,Western Europe
582600499,1524532.4,1592795.8,1768527.0,2220342.2,1468325.2,8574522.6,"UK, England, South East",United Kingdom,589.8,1691.8,6754.0,38669.6,85294.6,132999.8,0.01551104431166815,United Kingdom,GBR,2008.0,4.22,Western Europe
582600699,864303.8,962485.8,1003995.0,1408277.2,1027658.8,5266720.6,"UK, England, South West",United Kingdom,359.4,1135.2,4158.8,26024.4,62008.2,93686.0,0.017788298851471256,United Kingdom,GBR,2008.0,4.22,Western Europe
582600799,780366.6,873536.2,901962.0,1183833.0,765307.8,4505005.6,"UK, England, East Midlands",United Kingdom,315.6,920.8,3508.6,21315.8,45806.6,71867.4,0.01595278816079607,United Kingdom,GBR,2008.0,4.22,Western Europe
582600999,431562.4,514067.8,495153.0,697641.0,447650.2,2586074.4,"UK, England, North East",United Kingdom,180.6,527.4,2113.8,13008.0,28821.2,44651.0,0.017265937901863922,United Kingdom,GBR,2008.0,4.22,Western Europe
582601099,928899.2,1072018.0,1046330.6,1339027.4,870066.8,5256342.0,"UK, England, Yorkshire and The Humber",United Kingdom,381.6,1147.8,4173.4,24354.8,54027.8,84085.4,0.01599694236029543,United Kingdom,GBR,2008.0,4.22,Western Europe
582601199,1032200.4,1063340.2,1189131.2,1507407.2,1015313.2,5807392.2,"UK, England, East",United Kingdom,403.2,1082.4,4371.4,26340.4,60064.8,92262.2,0.0158870275715148,United Kingdom,GBR,2008.0,4.22,Western Europe
582601599,1514353.0,1893606.0,2058286.2,1697514.8,902045.2,8065805.2,"UK, England, London",United Kingdom,632.6,1870.4,6603.8,28228.8,52372.6,89708.2,0.011122038999900469,United Kingdom,GBR,2008.0,4.22,Western Europe
582602099,855858.2,1027630.4,1061651.2,1430432.2,886528.0,5262100.0,"UK, Scotland",United Kingdom,307.8,1209.8,5280.6,33143.0,74109.8,114051.0,0.021674046483343153,United Kingdom,GBR,2008.0,4.22,Western Europe
582603099,355315.6,377111.6,375247.8,435562.4,259816.6,1803054.0,"UK, Northern Ireland",United Kingdom,153.0,444.4,1806.0,9623.4,20643.0,32669.8,0.01811914673659247,United Kingdom,GBR,2008.0,4.22,Western Europe
582604099,518695.8,593157.8,574232.8,805315.8,559104.8,3050507.0,"UK, Wales",United Kingdom,217.2,632.4,2285.4,15295.2,35599.2,54029.4,0.017711613184300184,United Kingdom,GBR,2008.0,4.22,Western Europe
603600099,4198018.2,4656418.6,4650016.8,5501761.0,2997253.2,22003467.8,Australia,Australia,1938.4,5949.4,22394.8,125348.0,202509.8,358140.4,0.016276543463753474,Australia,AUS,2008.0,4.69,NA
603600199,66222.0,89397.8,81479.0,86998.4,37520.2,361617.4,Australia,Australia,32.4,95.4,356.4,1790.2,2334.4,4608.8,0.0127449619404376,Australia,AUS,2008.0,4.69,NA
603600499,290094.0,328933.4,323153.8,425947.2,255979.2,1624107.6,Australia,Australia,131.4,359.8,1470.6,9344.8,16931.0,28237.6,0.017386532764208477,Australia,AUS,2008.0,4.69,NA
603600799,445584.2,502627.2,498508.2,574129.6,276932.8,2297782.0,Australia,Australia,219.6,635.2,2317.0,12588.2,18421.2,34181.2,0.014875736688685,Australia,AUS,2008.0,4.69,NA
625009399,50388.6,47138.2,46215.6,39845.0,14850.8,198438.2,New Caledonia,New Caledonia,26.4,51.2,208.0,871.4,952.6,2109.6,0.010631017616567777,,,,,NA
655400099,892387.0,922140.0,881777.0,1091275.0,570138.0,4357717.0,New Zealand,New Zealand,399.4,944.2,4125.0,22003.2,36089.6,63561.4,0.014585940298555413,New Zealand,NZL,2008.0,4.03,NA
684009899,78199.4,71089.2,62459.0,60950.4,17169.2,289867.2,"USA, Pacific Islands",United States,19.8,44.4,207.2,699.4,524.4,1495.2,0.005158224179900313,United States,USA,2008.0,4.54,Northern America
684009910,39743.0,70372.4,67473.2,109128.0,50754.4,337471.0,"USA, Hawaii: White",United States,27.6,123.8,374.4,2594.6,3089.6,6210.0,0.018401581172900784,United States,USA,2008.0,4.54,Northern America
684009920,15808.0,16636.8,16820.6,27003.0,16386.0,92654.4,"USA, Hawaii: Chinese",United States,3.0,11.4,52.4,342.8,706.4,1116.0,0.012044759881883646,United States,USA,2008.0,4.54,Northern America
684009921,22487.0,26915.0,35502.0,72801.6,63363.2,221068.8,"USA, Hawaii: Japanese",United States,11.4,27.0,166.8,1372.8,3178.6,4756.6,0.02151637861154537,United States,USA,2008.0,4.54,Northern America
684009923,44291.0,48624.6,49718.8,60238.0,31636.4,234508.8,"USA, Hawaii: Filipino",United States,18.6,52.0,227.8,1023.8,1499.6,2821.8,0.012032810709022434,United States,USA,2008.0,4.54,Northern America
684009945,86596.2,71839.0,53557.2,57224.6,21344.6,290561.6,"USA, Hawaii: Hawaiian",United States,25.8,71.4,251.4,1250.2,1279.6,2878.4,0.009906333114905757,United States,USA,2008.0,4.54,Northern America
684009999,252779.4,282078.4,264756.4,365391.8,196923.6,1361929.6,"USA, Hawaii",United States,109.2,344.8,1316.4,7448.8,10437.6,19656.8,0.014433051458753813,United States,USA,2008.0,4.54,Northern America
